"Date/Time","Date/Time","No.1","No.2","No.3"
"Date/Time","Date/Time","A","B","air"
"","","°C","°C","°C"
"2025-10-03 14:08:12","45933.5890277778","","",""
"2025-10-03 14:08:17","45933.5890856481","52.0","51.5","35.3"
"2025-10-03 14:08:22","45933.5891435185","52.2","51.7","35.3"
"2025-10-03 14:08:27","45933.5892013889","52.3","51.8","35.1"
"2025-10-03 14:08:32","45933.5892592593","52.3","51.8","35.1"
"2025-10-03 14:08:37","45933.5893171296","52.2","51.7","35.0"
"2025-10-03 14:08:42","45933.5893750000","52.2","51.7","35.1"
"2025-10-03 14:08:47","45933.5894328704","52.2","51.7","35.0"
"2025-10-03 14:08:52","45933.5894907407","52.2","51.7","34.9"
"2025-10-03 14:08:57","45933.5895486111","52.2","51.7","35.0"
"2025-10-03 14:09:02","45933.5896064815","52.2","51.8","35.0"
"2025-10-03 14:09:07","45933.5896643518","52.2","51.8","35.1"
"2025-10-03 14:09:12","45933.5897222222","52.3","51.9","35.2"
"2025-10-03 14:09:17","45933.5897800926","52.5","52.2","35.2"
"2025-10-03 14:09:22","45933.5898379630","52.7","52.4","35.2"
"2025-10-03 14:09:27","45933.5898958333","52.9","52.5","35.2"
"2025-10-03 14:09:32","45933.5899537037","52.8","52.6","35.0"
"2025-10-03 14:09:37","45933.5900115741","52.7","52.4","34.9"
"2025-10-03 14:09:42","45933.5900694444","52.7","52.4","34.9"
"2025-10-03 14:09:47","45933.5901273148","52.5","52.2","34.9"
"2025-10-03 14:09:52","45933.5901851852","52.4","52.1","34.7"
"2025-10-03 14:09:57","45933.5902430556","52.4","52.1","34.8"
"2025-10-03 14:10:02","45933.5903009259","52.5","52.3","34.8"
"2025-10-03 14:10:07","45933.5903587963","52.6","52.4","35.1"
"2025-10-03 14:10:12","45933.5904166667","52.6","52.5","35.0"
"2025-10-03 14:10:17","45933.5904745370","52.6","52.5","34.8"
"2025-10-03 14:10:22","45933.5905324074","52.6","52.5","34.8"
"2025-10-03 14:10:27","45933.5905902778","52.6","52.6","34.9"
"2025-10-03 14:10:32","45933.5906481482","52.6","52.6","35.0"
"2025-10-03 14:10:37","45933.5907060185","52.7","52.6","35.0"
"2025-10-03 14:10:42","45933.5907638889","52.7","52.6","34.9"
"2025-10-03 14:10:47","45933.5908217593","52.7","52.7","34.9"
"2025-10-03 14:10:52","45933.5908796296","52.7","52.6","35.0"
"2025-10-03 14:10:57","45933.5909375000","52.7","52.6","34.9"
"2025-10-03 14:11:02","45933.5909953704","52.8","52.7","34.8"
"2025-10-03 14:11:07","45933.5910532407","52.8","52.7","34.7"
"2025-10-03 14:11:12","45933.5911111111","52.8","52.8","34.7"
"2025-10-03 14:11:17","45933.5911689815","52.8","52.7","34.7"
"2025-10-03 14:11:22","45933.5912268519","52.8","52.7","34.8"
"2025-10-03 14:11:27","45933.5912847222","52.9","52.7","34.9"
"2025-10-03 14:11:32","45933.5913425926","52.7","52.6","35.0"
"2025-10-03 14:11:37","45933.5914004630","52.5","52.4","35.0"
"2025-10-03 14:11:42","45933.5914583333","52.5","52.3","35.1"
"2025-10-03 14:11:47","45933.5915162037","52.5","52.4","35.2"
"2025-10-03 14:11:52","45933.5915740741","52.7","52.6","35.1"
"2025-10-03 14:11:57","45933.5916319444","52.7","52.6","35.0"
"2025-10-03 14:12:02","45933.5916898148","52.6","52.5","34.9"
"2025-10-03 14:12:07","45933.5917476852","52.6","52.5","35.0"
"2025-10-03 14:12:12","45933.5918055556","52.7","52.5","35.1"
"2025-10-03 14:12:17","45933.5918634259","52.8","52.7","35.2"
"2025-10-03 14:12:22","45933.5919212963","52.9","52.7","35.2"
"2025-10-03 14:12:27","45933.5919791667","52.8","52.7","35.3"
"2025-10-03 14:12:32","45933.5920370370","52.9","52.8","35.4"
"2025-10-03 14:12:37","45933.5920949074","53.0","53.0","35.4"
"2025-10-03 14:12:42","45933.5921527778","53.1","53.1","35.4"
"2025-10-03 14:12:47","45933.5922106481","53.3","53.3","35.5"
"2025-10-03 14:12:52","45933.5922685185","53.4","53.5","35.6"
"2025-10-03 14:12:57","45933.5923263889","53.5","53.5","35.6"
"2025-10-03 14:13:02","45933.5923842593","53.6","53.6","35.6"
"2025-10-03 14:13:07","45933.5924421296","53.7","53.6","35.4"
"2025-10-03 14:13:12","45933.5925000000","53.7","53.6","35.4"
"2025-10-03 14:13:17","45933.5925578704","53.6","53.4","35.4"
"2025-10-03 14:13:22","45933.5926157407","53.6","53.4","35.3"
"2025-10-03 14:13:27","45933.5926736111","53.5","53.3","35.2"
"2025-10-03 14:13:32","45933.5927314815","53.4","53.1","35.3"
"2025-10-03 14:13:37","45933.5927893519","53.1","52.9","35.3"
"2025-10-03 14:13:42","45933.5928472222","53.1","52.9","35.3"
"2025-10-03 14:13:47","45933.5929050926","52.9","52.7","35.1"
"2025-10-03 14:13:52","45933.5929629630","52.9","52.7","35.2"
"2025-10-03 14:13:57","45933.5930208333","53.0","52.8","35.3"
"2025-10-03 14:14:02","45933.5930787037","53.1","52.9","35.2"
"2025-10-03 14:14:07","45933.5931365741","53.2","53.1","35.2"
"2025-10-03 14:14:12","45933.5931944444","53.3","53.2","35.2"
"2025-10-03 14:14:17","45933.5932523148","53.3","53.1","35.2"
"2025-10-03 14:14:22","45933.5933101852","53.1","53.0","35.1"
"2025-10-03 14:14:27","45933.5933680556","53.0","52.9","35.1"
"2025-10-03 14:14:32","45933.5934259259","52.9","52.8","35.0"
"2025-10-03 14:14:37","45933.5934837963","52.8","52.8","35.0"
"2025-10-03 14:14:42","45933.5935416667","52.8","52.8","35.1"
"2025-10-03 14:14:47","45933.5935995370","52.9","52.8","35.1"
"2025-10-03 14:14:52","45933.5936574074","53.0","52.9","35.0"
"2025-10-03 14:14:57","45933.5937152778","53.2","53.1","35.0"
"2025-10-03 14:15:02","45933.5937731481","53.1","53.0","35.0"
"2025-10-03 14:15:07","45933.5938310185","53.0","52.8","34.9"
"2025-10-03 14:15:12","45933.5938888889","52.9","52.8","34.9"
"2025-10-03 14:15:17","45933.5939467593","52.8","52.6","34.9"
"2025-10-03 14:15:22","45933.5940046296","52.6","52.5","34.9"
"2025-10-03 14:15:27","45933.5940625000","52.6","52.5","35.0"
"2025-10-03 14:15:32","45933.5941203704","52.6","52.6","35.1"
"2025-10-03 14:15:37","45933.5941782407","52.6","52.6","35.1"
"2025-10-03 14:15:42","45933.5942361111","52.6","52.6","35.1"
"2025-10-03 14:15:47","45933.5942939815","52.6","52.6","35.1"
"2025-10-03 14:15:52","45933.5943518519","52.6","52.6","35.0"
"2025-10-03 14:15:57","45933.5944097222","52.6","52.6","35.0"
"2025-10-03 14:16:02","45933.5944675926","52.7","52.7","35.0"
"2025-10-03 14:16:07","45933.5945254630","52.8","52.7","35.1"
"2025-10-03 14:16:12","45933.5945833333","52.9","52.8","35.2"
"2025-10-03 14:16:17","45933.5946412037","52.9","52.8","35.3"
"2025-10-03 14:16:22","45933.5946990741","53.0","52.9","35.4"
"2025-10-03 14:16:27","45933.5947569444","53.1","53.0","35.3"
"2025-10-03 14:16:32","45933.5948148148","53.2","53.1","35.3"
"2025-10-03 14:16:37","45933.5948726852","53.2","53.1","35.2"
"2025-10-03 14:16:42","45933.5949305556","53.2","53.1","35.2"
"2025-10-03 14:16:47","45933.5949884259","53.2","53.0","35.1"
"2025-10-03 14:16:52","45933.5950462963","53.2","53.0","35.1"
"2025-10-03 14:16:57","45933.5951041667","53.1","52.9","35.0"
"2025-10-03 14:17:02","45933.5951620370","53.0","52.9","35.1"
"2025-10-03 14:17:07","45933.5952199074","53.0","52.9","35.1"
"2025-10-03 14:17:12","45933.5952777778","53.0","52.9","35.2"
"2025-10-03 14:17:17","45933.5953356481","53.1","52.9","35.3"
"2025-10-03 14:17:22","45933.5953935185","53.2","53.0","35.4"
"2025-10-03 14:17:27","45933.5954513889","53.3","53.1","35.4"
"2025-10-03 14:17:32","45933.5955092593","53.4","53.3","35.5"
"2025-10-03 14:17:37","45933.5955671296","53.5","53.3","35.5"
"2025-10-03 14:17:42","45933.5956250000","53.5","53.4","35.4"
"2025-10-03 14:17:47","45933.5956828704","53.5","53.4","35.4"
"2025-10-03 14:17:52","45933.5957407407","53.6","53.5","35.4"
"2025-10-03 14:17:57","45933.5957986111","53.6","53.4","35.4"
"2025-10-03 14:18:02","45933.5958564815","53.5","53.3","35.4"
"2025-10-03 14:18:07","45933.5959143518","53.6","53.3","35.3"
"2025-10-03 14:18:12","45933.5959722222","53.7","53.4","35.3"
"2025-10-03 14:18:17","45933.5960300926","53.9","53.5","35.5"
"2025-10-03 14:18:22","45933.5960879630","54.0","53.6","35.4"
"2025-10-03 14:18:27","45933.5961458333","54.0","53.6","35.3"
"2025-10-03 14:18:32","45933.5962037037","54.0","53.7","35.4"
"2025-10-03 14:18:37","45933.5962615741","53.9","53.5","35.2"
"2025-10-03 14:18:42","45933.5963194444","53.8","53.5","35.3"
"2025-10-03 14:18:47","45933.5963773148","53.8","53.5","35.4"
"2025-10-03 14:18:52","45933.5964351852","53.8","53.5","35.3"
"2025-10-03 14:18:57","45933.5964930556","53.8","53.5","35.3"
"2025-10-03 14:19:02","45933.5965509259","53.7","53.4","35.3"
"2025-10-03 14:19:07","45933.5966087963","53.6","53.3","35.3"
"2025-10-03 14:19:12","45933.5966666667","53.6","53.3","35.3"
"2025-10-03 14:19:17","45933.5967245370","53.7","53.4","35.3"
"2025-10-03 14:19:22","45933.5967824074","53.9","53.5","35.5"
"2025-10-03 14:19:27","45933.5968402778","54.0","53.7","35.6"
"2025-10-03 14:19:32","45933.5968981481","54.1","53.8","35.4"
"2025-10-03 14:19:37","45933.5969560185","53.9","53.7","35.4"
"2025-10-03 14:19:42","45933.5970138889","53.9","53.6","35.4"
"2025-10-03 14:19:47","45933.5970717593","53.8","53.5","35.3"
"2025-10-03 14:19:52","45933.5971296296","53.7","53.4","35.3"
"2025-10-03 14:19:57","45933.5971875000","53.5","53.3","35.2"
"2025-10-03 14:20:02","45933.5972453704","53.4","53.3","35.3"
"2025-10-03 14:20:07","45933.5973032407","53.4","53.3","35.2"
"2025-10-03 14:20:12","45933.5973611111","53.4","53.3","35.2"
"2025-10-03 14:20:17","45933.5974189815","53.4","53.3","35.2"
"2025-10-03 14:20:22","45933.5974768518","53.4","53.3","35.1"
"2025-10-03 14:20:27","45933.5975347222","53.4","53.3","35.1"
"2025-10-03 14:20:32","45933.5975925926","53.3","53.2","35.2"
"2025-10-03 14:20:37","45933.5976504630","53.3","53.2","35.2"
"2025-10-03 14:20:42","45933.5977083333","53.4","53.3","35.2"
"2025-10-03 14:20:47","45933.5977662037","53.4","53.3","35.3"
"2025-10-03 14:20:52","45933.5978240741","53.4","53.3","35.2"
"2025-10-03 14:20:57","45933.5978819444","53.4","53.3","35.1"
"2025-10-03 14:21:02","45933.5979398148","53.4","53.2","35.1"
"2025-10-03 14:21:07","45933.5979976852","53.3","53.2","35.1"
"2025-10-03 14:21:12","45933.5980555556","53.3","53.1","35.0"
"2025-10-03 14:21:17","45933.5981134259","53.1","53.0","35.0"
"2025-10-03 14:21:22","45933.5981712963","52.8","52.7","34.9"
"2025-10-03 14:21:27","45933.5982291667","52.6","52.5","34.8"
"2025-10-03 14:21:32","45933.5982870370","52.4","52.3","34.8"
"2025-10-03 14:21:37","45933.5983449074","52.3","52.2","34.8"
"2025-10-03 14:21:42","45933.5984027778","52.1","52.0","34.7"
"2025-10-03 14:21:47","45933.5984606482","52.1","52.0","34.8"
"2025-10-03 14:21:52","45933.5985185185","52.1","52.0","34.9"
"2025-10-03 14:21:57","45933.5985763889","52.3","52.1","34.9"
"2025-10-03 14:22:02","45933.5986342593","52.2","52.1","34.8"
"2025-10-03 14:22:07","45933.5986921296","52.1","52.1","34.8"
"2025-10-03 14:22:12","45933.5987500000","52.1","52.1","34.9"
"2025-10-03 14:22:17","45933.5988078704","52.2","52.1","35.1"
"2025-10-03 14:22:22","45933.5988657407","52.4","52.2","35.2"
"2025-10-03 14:22:27","45933.5989236111","52.5","52.3","35.1"
"2025-10-03 14:22:32","45933.5989814815","52.5","52.3","35.0"
"2025-10-03 14:22:37","45933.5990393519","52.4","52.2","35.0"
"2025-10-03 14:22:42","45933.5990972222","52.4","52.2","35.1"
"2025-10-03 14:22:47","45933.5991550926","52.4","52.2","35.1"
"2025-10-03 14:22:52","45933.5992129630","52.6","52.3","35.1"
"2025-10-03 14:22:57","45933.5992708333","52.8","52.5","35.2"
"2025-10-03 14:23:02","45933.5993287037","52.8","52.6","35.2"
"2025-10-03 14:23:07","45933.5993865741","52.8","52.5","35.1"
"2025-10-03 14:23:12","45933.5994444444","52.8","52.5","35.1"
"2025-10-03 14:23:17","45933.5995023148","52.9","52.6","35.1"
"2025-10-03 14:23:22","45933.5995601852","52.8","52.6","35.2"
"2025-10-03 14:23:27","45933.5996180556","52.8","52.7","35.4"
"2025-10-03 14:23:32","45933.5996759259","52.8","52.6","35.5"
"2025-10-03 14:23:37","45933.5997337963","52.7","52.6","35.4"
"2025-10-03 14:23:42","45933.5997916667","52.6","52.4","35.1"
"2025-10-03 14:23:47","45933.5998495370","52.5","52.4","34.9"
"2025-10-03 14:23:52","45933.5999074074","52.4","52.3","34.9"
"2025-10-03 14:23:57","45933.5999652778","52.4","52.3","34.9"
"2025-10-03 14:24:02","45933.6000231481","52.4","52.3","35.0"
"2025-10-03 14:24:07","45933.6000810185","52.3","52.4","35.1"
"2025-10-03 14:24:12","45933.6001388889","52.3","52.4","35.0"
"2025-10-03 14:24:17","45933.6001967593","52.3","52.3","35.0"
"2025-10-03 14:24:22","45933.6002546296","52.1","52.1","34.9"
"2025-10-03 14:24:27","45933.6003125000","52.0","52.0","34.8"
"2025-10-03 14:24:32","45933.6003703704","52.0","51.9","34.8"
"2025-10-03 14:24:37","45933.6004282407","52.0","51.9","34.9"
"2025-10-03 14:24:42","45933.6004861111","52.2","52.1","34.9"
"2025-10-03 14:24:47","45933.6005439815","52.3","52.2","34.9"
"2025-10-03 14:24:52","45933.6006018519","52.4","52.3","34.9"
"2025-10-03 14:24:57","45933.6006597222","52.6","52.4","35.0"
"2025-10-03 14:25:02","45933.6007175926","52.7","52.4","34.9"
"2025-10-03 14:25:07","45933.6007754630","52.7","52.3","34.8"
"2025-10-03 14:25:12","45933.6008333333","52.6","52.3","34.8"
"2025-10-03 14:25:17","45933.6008912037","52.6","52.3","34.8"
"2025-10-03 14:25:22","45933.6009490741","52.7","52.4","35.0"
"2025-10-03 14:25:27","45933.6010069444","52.8","52.5","35.0"
"2025-10-03 14:25:32","45933.6010648148","52.9","52.6","35.2"
"2025-10-03 14:25:37","45933.6011226852","52.9","52.6","35.2"
"2025-10-03 14:25:42","45933.6011805556","52.9","52.7","35.1"
"2025-10-03 14:25:47","45933.6012384259","53.1","52.8","35.1"
"2025-10-03 14:25:52","45933.6012962963","53.2","52.9","35.2"
"2025-10-03 14:25:57","45933.6013541667","53.2","52.9","35.1"
"2025-10-03 14:26:02","45933.6014120370","53.2","53.0","35.1"
"2025-10-03 14:26:07","45933.6014699074","53.2","52.9","35.2"
"2025-10-03 14:26:12","45933.6015277778","53.1","52.8","35.3"
"2025-10-03 14:26:17","45933.6015856481","53.1","52.8","35.3"
"2025-10-03 14:26:22","45933.6016435185","53.2","52.8","35.3"
"2025-10-03 14:26:27","45933.6017013889","53.4","52.9","35.3"
"2025-10-03 14:26:32","45933.6017592593","53.3","52.8","35.3"
"2025-10-03 14:26:37","45933.6018171296","53.3","52.8","35.4"
"2025-10-03 14:26:42","45933.6018750000","53.2","52.7","35.2"
"2025-10-03 14:26:47","45933.6019328704","53.2","52.7","35.3"
"2025-10-03 14:26:52","45933.6019907407","53.1","52.6","35.3"
"2025-10-03 14:26:57","45933.6020486111","53.0","52.5","35.4"
"2025-10-03 14:27:02","45933.6021064815","52.9","52.4","35.4"
"2025-10-03 14:27:07","45933.6021643519","52.9","52.3","35.1"
"2025-10-03 14:27:12","45933.6022222222","52.8","52.3","35.0"
"2025-10-03 14:27:17","45933.6022800926","52.6","52.1","34.9"
"2025-10-03 14:27:22","45933.6023379630","52.4","51.9","34.9"
"2025-10-03 14:27:27","45933.6023958333","52.2","51.7","34.8"
"2025-10-03 14:27:32","45933.6024537037","52.1","51.6","34.8"
"2025-10-03 14:27:37","45933.6025115741","52.0","51.6","34.7"
"2025-10-03 14:27:42","45933.6025694444","51.9","51.5","34.7"
"2025-10-03 14:27:47","45933.6026273148","51.9","51.5","34.7"
"2025-10-03 14:27:52","45933.6026851852","52.0","51.6","34.8"
"2025-10-03 14:27:57","45933.6027430556","52.1","51.7","34.8"
"2025-10-03 14:28:02","45933.6028009259","52.1","51.7","34.8"
"2025-10-03 14:28:07","45933.6028587963","52.1","51.7","34.8"
"2025-10-03 14:28:12","45933.6029166667","52.1","51.7","34.8"
"2025-10-03 14:28:17","45933.6029745370","52.2","51.8","34.9"
"2025-10-03 14:28:22","45933.6030324074","52.3","51.9","34.8"
"2025-10-03 14:28:27","45933.6030902778","52.2","51.8","34.9"
"2025-10-03 14:28:32","45933.6031481481","52.1","51.7","34.9"
"2025-10-03 14:28:37","45933.6032060185","52.0","51.6","34.8"
"2025-10-03 14:28:42","45933.6032638889","52.0","51.6","35.0"
"2025-10-03 14:28:47","45933.6033217593","52.1","51.7","35.1"
"2025-10-03 14:28:52","45933.6033796296","52.2","51.8","35.1"
"2025-10-03 14:28:57","45933.6034375000","52.3","51.9","35.1"
"2025-10-03 14:29:02","45933.6034953704","52.3","52.0","35.2"
"2025-10-03 14:29:07","45933.6035532407","52.4","52.0","35.1"
"2025-10-03 14:29:12","45933.6036111111","52.4","52.1","35.0"
"2025-10-03 14:29:17","45933.6036689815","52.4","52.0","35.0"
"2025-10-03 14:29:22","45933.6037268518","52.3","52.0","35.0"
"2025-10-03 14:29:27","45933.6037847222","52.2","51.9","35.1"
"2025-10-03 14:29:32","45933.6038425926","52.1","51.9","35.1"
"2025-10-03 14:29:37","45933.6039004630","52.1","51.9","35.1"
"2025-10-03 14:29:42","45933.6039583333","52.1","51.9","35.0"
"2025-10-03 14:29:47","45933.6040162037","52.1","52.0","35.1"
"2025-10-03 14:29:52","45933.6040740741","52.2","52.0","35.1"
"2025-10-03 14:29:57","45933.6041319444","52.3","52.1","35.2"
"2025-10-03 14:30:02","45933.6041898148","52.3","52.2","35.2"
"2025-10-03 14:30:07","45933.6042476852","52.3","52.1","35.2"
"2025-10-03 14:30:12","45933.6043055556","52.2","52.0","35.0"
"2025-10-03 14:30:17","45933.6043634259","52.3","52.1","35.0"
"2025-10-03 14:30:22","45933.6044212963","52.2","52.0","35.0"
"2025-10-03 14:30:27","45933.6044791667","52.3","52.1","35.1"
"2025-10-03 14:30:32","45933.6045370370","52.2","52.0","35.0"
"2025-10-03 14:30:37","45933.6045949074","52.2","51.9","35.0"
"2025-10-03 14:30:42","45933.6046527778","52.2","51.9","35.1"
"2025-10-03 14:30:47","45933.6047106481","52.2","51.9","35.2"
"2025-10-03 14:30:52","45933.6047685185","52.3","52.0","35.1"
"2025-10-03 14:30:57","45933.6048263889","52.4","52.1","35.2"
"2025-10-03 14:31:02","45933.6048842593","52.4","52.2","35.3"
"2025-10-03 14:31:07","45933.6049421296","52.4","52.2","35.3"
"2025-10-03 14:31:12","45933.6050000000","52.4","52.3","35.3"
"2025-10-03 14:31:17","45933.6050578704","52.5","52.3","35.4"
"2025-10-03 14:31:22","45933.6051157407","52.5","52.4","35.3"
"2025-10-03 14:31:27","45933.6051736111","52.5","52.4","35.3"
"2025-10-03 14:31:32","45933.6052314815","52.7","52.5","35.3"
"2025-10-03 14:31:37","45933.6052893518","52.8","52.6","35.3"
"2025-10-03 14:31:42","45933.6053472222","52.9","52.6","35.3"
"2025-10-03 14:31:47","45933.6054050926","53.0","52.7","35.6"
"2025-10-03 14:31:52","45933.6054629630","53.0","52.8","35.6"
"2025-10-03 14:31:57","45933.6055208333","53.0","52.8","35.5"
"2025-10-03 14:32:02","45933.6055787037","53.1","52.8","35.6"
"2025-10-03 14:32:07","45933.6056365741","53.1","52.9","35.6"
"2025-10-03 14:32:12","45933.6056944444","53.1","52.9","35.6"
"2025-10-03 14:32:17","45933.6057523148","53.0","52.8","35.6"
"2025-10-03 14:32:22","45933.6058101852","52.8","52.6","35.6"
"2025-10-03 14:32:27","45933.6058680556","52.7","52.6","35.6"
"2025-10-03 14:32:32","45933.6059259259","52.6","52.5","35.7"
"2025-10-03 14:32:37","45933.6059837963","52.6","52.5","35.6"
"2025-10-03 14:32:42","45933.6060416667","52.5","52.5","35.7"
"2025-10-03 14:32:47","45933.6060995370","52.5","52.4","35.7"
"2025-10-03 14:32:52","45933.6061574074","52.5","52.4","35.8"
"2025-10-03 14:32:57","45933.6062152778","52.4","52.4","35.7"
"2025-10-03 14:33:02","45933.6062731482","52.4","52.4","35.8"
"2025-10-03 14:33:07","45933.6063310185","52.4","52.4","35.7"
"2025-10-03 14:33:12","45933.6063888889","52.4","52.4","35.7"
"2025-10-03 14:33:17","45933.6064467593","52.4","52.4","35.7"
"2025-10-03 14:33:22","45933.6065046296","52.4","52.5","35.8"
"2025-10-03 14:33:27","45933.6065625000","52.4","52.5","35.7"
"2025-10-03 14:33:32","45933.6066203704","52.4","52.5","35.7"
"2025-10-03 14:33:37","45933.6066782407","52.4","52.5","35.6"
"2025-10-03 14:33:42","45933.6067361111","52.4","52.6","35.5"
"2025-10-03 14:33:47","45933.6067939815","52.4","52.6","35.6"
"2025-10-03 14:33:52","45933.6068518519","52.5","52.6","35.6"
"2025-10-03 14:33:57","45933.6069097222","52.4","52.6","35.6"
"2025-10-03 14:34:02","45933.6069675926","52.5","52.7","35.6"
"2025-10-03 14:34:07","45933.6070254630","52.5","52.7","35.7"
"2025-10-03 14:34:12","45933.6070833333","52.5","52.8","35.7"
"2025-10-03 14:34:17","45933.6071412037","52.5","52.8","35.8"
"2025-10-03 14:34:22","45933.6071990741","52.6","52.9","35.7"
"2025-10-03 14:34:27","45933.6072569444","52.6","52.9","35.7"
"2025-10-03 14:34:32","45933.6073148148","52.6","52.9","35.7"
"2025-10-03 14:34:37","45933.6073726852","52.6","53.0","35.9"
"2025-10-03 14:34:42","45933.6074305556","52.7","53.1","36.0"
"2025-10-03 14:34:47","45933.6074884259","52.7","53.1","36.0"
"2025-10-03 14:34:52","45933.6075462963","52.7","53.1","35.7"
"2025-10-03 14:34:57","45933.6076041667","52.7","53.2","35.5"
"2025-10-03 14:35:02","45933.6076620370","52.7","53.2","35.5"
"2025-10-03 14:35:07","45933.6077199074","52.7","53.2","35.4"
"2025-10-03 14:35:12","45933.6077777778","52.8","53.2","35.2"
"2025-10-03 14:35:17","45933.6078356481","52.7","53.2","34.9"
"2025-10-03 14:35:22","45933.6078935185","52.8","53.2","34.7"
"2025-10-03 14:35:27","45933.6079513889","52.7","53.2","34.5"
"2025-10-03 14:35:32","45933.6080092593","52.7","53.2","34.3"
"2025-10-03 14:35:37","45933.6080671296","52.7","53.1","34.0"
"2025-10-03 14:35:42","45933.6081250000","52.7","53.1","34.1"
"2025-10-03 14:35:47","45933.6081828704","52.7","53.0","34.2"
"2025-10-03 14:35:52","45933.6082407407","52.7","53.0","34.2"
"2025-10-03 14:35:57","45933.6082986111","52.7","53.0","34.2"
"2025-10-03 14:36:02","45933.6083564815","52.7","53.0","34.2"
"2025-10-03 14:36:07","45933.6084143519","52.7","53.0","34.4"
"2025-10-03 14:36:12","45933.6084722222","52.8","53.1","34.3"
"2025-10-03 14:36:17","45933.6085300926","52.8","53.1","34.3"
"2025-10-03 14:36:22","45933.6085879630","52.8","53.1","34.2"
"2025-10-03 14:36:27","45933.6086458333","52.9","53.1","34.2"
"2025-10-03 14:36:32","45933.6087037037","52.9","53.2","34.1"
"2025-10-03 14:36:37","45933.6087615741","52.9","53.2","33.9"
"2025-10-03 14:36:42","45933.6088194444","52.9","53.2","33.8"
"2025-10-03 14:36:47","45933.6088773148","52.9","53.2","33.7"
"2025-10-03 14:36:52","45933.6089351852","53.0","53.2","33.7"
"2025-10-03 14:36:57","45933.6089930556","53.0","53.3","33.7"
"2025-10-03 14:37:02","45933.6090509259","52.9","53.2","33.8"
"2025-10-03 14:37:07","45933.6091087963","53.0","53.2","33.9"
"2025-10-03 14:37:12","45933.6091666667","53.0","53.3","34.0"
"2025-10-03 14:37:17","45933.6092245370","53.0","53.2","34.1"
"2025-10-03 14:37:22","45933.6092824074","53.0","53.3","34.2"
"2025-10-03 14:37:27","45933.6093402778","53.0","53.3","34.2"
"2025-10-03 14:37:32","45933.6093981481","53.0","53.2","34.0"
"2025-10-03 14:37:37","45933.6094560185","53.0","53.3","33.8"
"2025-10-03 14:37:42","45933.6095138889","53.1","53.3","33.7"
"2025-10-03 14:37:47","45933.6095717593","53.0","53.3","33.6"
"2025-10-03 14:37:52","45933.6096296296","53.0","53.3","33.7"
"2025-10-03 14:37:57","45933.6096875000","53.1","53.3","33.8"
"2025-10-03 14:38:02","45933.6097453704","53.0","53.2","33.8"
"2025-10-03 14:38:07","45933.6098032407","53.0","53.3","33.7"
"2025-10-03 14:38:12","45933.6098611111","53.1","53.3","33.8"
"2025-10-03 14:38:17","45933.6099189815","53.1","53.3","33.9"
"2025-10-03 14:38:22","45933.6099768519","53.1","53.3","33.9"
"2025-10-03 14:38:27","45933.6100347222","53.1","53.4","34.0"
"2025-10-03 14:38:32","45933.6100925926","53.2","53.4","34.1"
"2025-10-03 14:38:37","45933.6101504630","53.2","53.5","34.2"
"2025-10-03 14:38:42","45933.6102083333","53.2","53.4","34.2"
"2025-10-03 14:38:47","45933.6102662037","53.2","53.4","34.0"
"2025-10-03 14:38:52","45933.6103240741","53.2","53.5","34.0"
"2025-10-03 14:38:57","45933.6103819444","53.2","53.5","34.1"
"2025-10-03 14:39:02","45933.6104398148","53.2","53.5","34.1"
"2025-10-03 14:39:07","45933.6104976852","53.2","53.5","34.1"
"2025-10-03 14:39:12","45933.6105555556","53.3","53.6","34.0"
"2025-10-03 14:39:17","45933.6106134259","53.3","53.6","34.1"
"2025-10-03 14:39:22","45933.6106712963","53.3","53.6","34.2"
"2025-10-03 14:39:27","45933.6107291667","53.3","53.6","34.2"
"2025-10-03 14:39:32","45933.6107870370","53.3","53.7","34.0"
"2025-10-03 14:39:37","45933.6108449074","53.3","53.7","33.9"
"2025-10-03 14:39:42","45933.6109027778","53.4","53.8","33.9"
"2025-10-03 14:39:47","45933.6109606481","53.4","53.8","34.0"
"2025-10-03 14:39:52","45933.6110185185","53.4","53.8","34.1"
"2025-10-03 14:39:57","45933.6110763889","53.4","53.8","34.1"
"2025-10-03 14:40:02","45933.6111342593","53.4","53.9","34.0"
"2025-10-03 14:40:07","45933.6111921296","53.4","53.9","34.1"
"2025-10-03 14:40:12","45933.6112500000","53.5","54.0","34.1"
"2025-10-03 14:40:17","45933.6113078704","53.5","54.0","34.0"
"2025-10-03 14:40:22","45933.6113657407","53.5","54.0","34.0"
"2025-10-03 14:40:27","45933.6114236111","53.6","54.1","34.1"
"2025-10-03 14:40:32","45933.6114814815","53.5","54.0","34.1"
"2025-10-03 14:40:37","45933.6115393518","53.5","54.0","33.9"
"2025-10-03 14:40:42","45933.6115972222","53.5","54.0","33.8"
"2025-10-03 14:40:47","45933.6116550926","53.6","54.1","33.7"
"2025-10-03 14:40:52","45933.6117129630","53.6","54.1","33.6"
"2025-10-03 14:40:57","45933.6117708333","53.6","54.1","33.6"
"2025-10-03 14:41:02","45933.6118287037","53.6","54.1","33.7"
"2025-10-03 14:41:07","45933.6118865741","53.5","54.0","33.7"
"2025-10-03 14:41:12","45933.6119444444","53.6","54.0","33.7"
"2025-10-03 14:41:17","45933.6120023148","53.6","54.1","33.8"
"2025-10-03 14:41:22","45933.6120601852","53.6","54.1","34.0"
"2025-10-03 14:41:27","45933.6121180556","53.6","54.1","33.9"
"2025-10-03 14:41:32","45933.6121759259","53.6","54.1","34.0"
"2025-10-03 14:41:37","45933.6122337963","53.6","54.1","34.1"
"2025-10-03 14:41:42","45933.6122916667","53.6","54.1","34.2"
"2025-10-03 14:41:47","45933.6123495370","53.5","53.9","34.3"
"2025-10-03 14:41:52","45933.6124074074","53.5","53.9","34.2"
"2025-10-03 14:41:57","45933.6124652778","53.5","53.9","34.2"
"2025-10-03 14:42:02","45933.6125231481","53.5","53.8","34.3"
"2025-10-03 14:42:07","45933.6125810185","53.6","53.8","34.4"
"2025-10-03 14:42:12","45933.6126388889","53.6","53.9","34.4"
"2025-10-03 14:42:17","45933.6126967593","53.6","54.0","34.3"
"2025-10-03 14:42:22","45933.6127546296","53.6","54.2","34.2"
"2025-10-03 14:42:27","45933.6128125000","53.6","54.3","34.0"
"2025-10-03 14:42:32","45933.6128703704","53.7","54.3","34.0"
"2025-10-03 14:42:37","45933.6129282407","53.6","54.2","33.9"
"2025-10-03 14:42:42","45933.6129861111","53.6","54.1","33.9"
"2025-10-03 14:42:47","45933.6130439815","53.6","54.1","34.0"
"2025-10-03 14:42:52","45933.6131018518","53.6","54.1","34.1"
"2025-10-03 14:42:57","45933.6131597222","53.6","54.1","34.3"
"2025-10-03 14:43:02","45933.6132175926","53.6","54.0","34.3"
"2025-10-03 14:43:07","45933.6132754630","53.6","54.0","34.4"
"2025-10-03 14:43:12","45933.6133333333","53.6","54.0","34.4"
"2025-10-03 14:43:17","45933.6133912037","53.6","54.0","34.4"
"2025-10-03 14:43:22","45933.6134490741","53.7","54.0","34.4"
"2025-10-03 14:43:27","45933.6135069444","53.7","54.0","34.4"
"2025-10-03 14:43:32","45933.6135648148","53.7","54.1","34.7"
"2025-10-03 14:43:37","45933.6136226852","53.8","54.1","34.7"
"2025-10-03 14:43:42","45933.6136805556","53.8","54.1","34.5"
"2025-10-03 14:43:47","45933.6137384259","53.8","54.1","34.4"
"2025-10-03 14:43:52","45933.6137962963","53.8","54.0","34.4"
"2025-10-03 14:43:57","45933.6138541667","53.8","54.0","34.5"
"2025-10-03 14:44:02","45933.6139120370","53.8","54.0","34.4"
"2025-10-03 14:44:07","45933.6139699074","53.8","54.0","34.4"
"2025-10-03 14:44:12","45933.6140277778","53.9","54.0","34.4"
"2025-10-03 14:44:17","45933.6140856482","53.9","54.0","34.2"
"2025-10-03 14:44:22","45933.6141435185","54.0","54.1","34.3"
"2025-10-03 14:44:27","45933.6142013889","54.0","54.1","34.4"
"2025-10-03 14:44:32","45933.6142592593","54.1","54.1","34.3"
"2025-10-03 14:44:37","45933.6143171296","54.1","54.1","34.3"
"2025-10-03 14:44:42","45933.6143750000","54.1","54.1","34.4"
"2025-10-03 14:44:47","45933.6144328704","54.1","54.1","34.3"
"2025-10-03 14:44:52","45933.6144907407","54.1","54.1","34.3"
"2025-10-03 14:44:57","45933.6145486111","54.1","54.0","34.2"
"2025-10-03 14:45:02","45933.6146064815","54.1","54.0","34.3"
"2025-10-03 14:45:07","45933.6146643519","54.2","54.0","34.4"
"2025-10-03 14:45:12","45933.6147222222","54.2","54.0","34.6"
"2025-10-03 14:45:17","45933.6147800926","54.3","54.1","34.5"
"2025-10-03 14:45:22","45933.6148379630","54.3","54.1","34.5"
"2025-10-03 14:45:27","45933.6148958333","54.3","54.1","34.5"
"2025-10-03 14:45:32","45933.6149537037","54.3","54.1","34.5"
"2025-10-03 14:45:37","45933.6150115741","54.3","54.1","34.6"
"2025-10-03 14:45:42","45933.6150694444","54.4","54.1","34.8"
"2025-10-03 14:45:47","45933.6151273148","54.4","54.1","34.8"
"2025-10-03 14:45:52","45933.6151851852","54.4","54.1","34.7"
"2025-10-03 14:45:57","45933.6152430556","54.4","54.1","34.7"
"2025-10-03 14:46:02","45933.6153009259","54.4","54.1","34.8"
"2025-10-03 14:46:07","45933.6153587963","54.5","54.2","34.8"
"2025-10-03 14:46:12","45933.6154166667","54.5","54.1","34.8"
"2025-10-03 14:46:17","45933.6154745370","54.5","54.1","34.7"
"2025-10-03 14:46:22","45933.6155324074","54.5","54.1","34.7"
"2025-10-03 14:46:27","45933.6155902778","54.6","54.2","34.9"
"2025-10-03 14:46:32","45933.6156481481","54.6","54.1","34.8"
"2025-10-03 14:46:37","45933.6157060185","54.6","54.1","34.8"
"2025-10-03 14:46:42","45933.6157638889","54.6","54.1","34.7"
"2025-10-03 14:46:47","45933.6158217593","54.6","54.2","34.9"
"2025-10-03 14:46:52","45933.6158796296","54.6","54.1","34.9"
"2025-10-03 14:46:57","45933.6159375000","54.7","54.1","34.8"
"2025-10-03 14:47:02","45933.6159953704","54.8","54.2","34.8"
"2025-10-03 14:47:07","45933.6160532407","54.8","54.2","34.8"
"2025-10-03 14:47:12","45933.6161111111","54.8","54.2","34.9"
"2025-10-03 14:47:17","45933.6161689815","54.9","54.3","34.8"
"2025-10-03 14:47:22","45933.6162268519","54.9","54.3","34.7"
"2025-10-03 14:47:27","45933.6162847222","54.9","54.3","34.8"
"2025-10-03 14:47:32","45933.6163425926","54.9","54.2","34.7"
"2025-10-03 14:47:37","45933.6164004630","54.8","54.2","34.6"
"2025-10-03 14:47:42","45933.6164583333","54.8","54.2","34.6"
"2025-10-03 14:47:47","45933.6165162037","54.8","54.2","34.8"
"2025-10-03 14:47:52","45933.6165740741","54.8","54.2","34.8"
"2025-10-03 14:47:57","45933.6166319444","54.8","54.2","34.9"
"2025-10-03 14:48:02","45933.6166898148","54.9","54.2","34.9"
"2025-10-03 14:48:07","45933.6167476852","54.9","54.2","34.9"
"2025-10-03 14:48:12","45933.6168055556","55.0","54.3","35.0"
"2025-10-03 14:48:17","45933.6168634259","55.0","54.3","35.1"
"2025-10-03 14:48:22","45933.6169212963","55.0","54.3","35.1"
"2025-10-03 14:48:27","45933.6169791667","54.9","54.2","34.9"
"2025-10-03 14:48:32","45933.6170370370","55.0","54.3","35.0"
"2025-10-03 14:48:37","45933.6170949074","55.0","54.3","35.2"
"2025-10-03 14:48:42","45933.6171527778","55.0","54.3","35.1"
"2025-10-03 14:48:47","45933.6172106481","55.0","54.3","35.1"
"2025-10-03 14:48:52","45933.6172685185","55.0","54.2","35.2"
"2025-10-03 14:48:57","45933.6173263889","55.0","54.2","35.1"
"2025-10-03 14:49:02","45933.6173842593","55.0","54.2","35.0"
"2025-10-03 14:49:07","45933.6174421296","55.2","54.3","35.1"
"2025-10-03 14:49:12","45933.6175000000","55.2","54.3","35.1"
"2025-10-03 14:49:17","45933.6175578704","55.1","54.3","35.1"
"2025-10-03 14:49:22","45933.6176157407","55.1","54.3","35.1"
"2025-10-03 14:49:27","45933.6176736111","55.1","54.3","35.2"
"2025-10-03 14:49:32","45933.6177314815","55.3","54.4","35.2"
"2025-10-03 14:49:37","45933.6177893519","55.3","54.3","35.1"
"2025-10-03 14:49:42","45933.6178472222","55.3","54.3","35.2"
"2025-10-03 14:49:47","45933.6179050926","55.3","54.3","35.1"
"2025-10-03 14:49:52","45933.6179629630","55.2","54.3","35.0"
"2025-10-03 14:49:57","45933.6180208333","55.2","54.3","35.0"
"2025-10-03 14:50:02","45933.6180787037","55.2","54.3","34.9"
"2025-10-03 14:50:07","45933.6181365741","55.2","54.3","35.0"
"2025-10-03 14:50:12","45933.6181944444","55.2","54.3","35.0"
"2025-10-03 14:50:17","45933.6182523148","55.3","54.3","34.9"
"2025-10-03 14:50:22","45933.6183101852","55.2","54.3","34.9"
"2025-10-03 14:50:27","45933.6183680556","55.2","54.3","34.9"
"2025-10-03 14:50:32","45933.6184259259","55.2","54.3","35.0"
"2025-10-03 14:50:37","45933.6184837963","55.2","54.2","35.0"
"2025-10-03 14:50:42","45933.6185416667","55.3","54.3","35.1"
"2025-10-03 14:50:47","45933.6185995370","55.3","54.3","35.1"
"2025-10-03 14:50:52","45933.6186574074","55.3","54.3","35.1"
"2025-10-03 14:50:57","45933.6187152778","55.3","54.3","35.1"
"2025-10-03 14:51:02","45933.6187731481","55.2","54.2","35.0"
"2025-10-03 14:51:07","45933.6188310185","55.3","54.3","35.1"
"2025-10-03 14:51:12","45933.6188888889","55.3","54.3","35.1"
"2025-10-03 14:51:17","45933.6189467593","55.3","54.3","35.1"
"2025-10-03 14:51:22","45933.6190046296","55.3","54.3","35.1"
"2025-10-03 14:51:27","45933.6190625000","55.4","54.3","35.3"
"2025-10-03 14:51:32","45933.6191203704","55.4","54.0","35.3"
"2025-10-03 14:51:37","45933.6191782407","55.4","54.0","35.3"
"2025-10-03 14:51:42","45933.6192361111","55.5","54.1","35.3"
"2025-10-03 14:51:47","45933.6192939815","55.4","54.0","35.2"
"2025-10-03 14:51:52","45933.6193518518","55.3","53.9","35.3"
"2025-10-03 14:51:57","45933.6194097222","55.2","53.9","35.5"
"2025-10-03 14:52:02","45933.6194675926","55.3","53.9","35.5"
"2025-10-03 14:52:07","45933.6195254630","55.4","54.1","35.4"
"2025-10-03 14:52:12","45933.6195833333","55.6","54.3","35.3"
"2025-10-03 14:52:17","45933.6196412037","55.8","54.5","35.2"
"2025-10-03 14:52:22","45933.6196990741","55.9","54.7","35.2"
"2025-10-03 14:52:27","45933.6197569444","56.0","54.8","35.1"
"2025-10-03 14:52:32","45933.6198148148","56.2","55.0","35.0"
"2025-10-03 14:52:37","45933.6198726852","56.3","55.1","34.9"
"2025-10-03 14:52:42","45933.6199305556","56.4","55.3","34.9"
"2025-10-03 14:52:47","45933.6199884259","56.5","55.4","34.9"
"2025-10-03 14:52:52","45933.6200462963","56.6","55.6","34.9"
"2025-10-03 14:52:57","45933.6201041667","56.7","55.7","34.8"
"2025-10-03 14:53:02","45933.6201620370","56.8","55.8","34.7"
"2025-10-03 14:53:07","45933.6202199074","56.9","56.0","34.7"
"2025-10-03 14:53:12","45933.6202777778","57.1","56.1","34.7"
"2025-10-03 14:53:17","45933.6203356481","57.2","56.3","34.8"
"2025-10-03 14:53:22","45933.6203935185","57.3","56.4","34.8"
"2025-10-03 14:53:27","45933.6204513889","57.4","56.5","35.0"
"2025-10-03 14:53:32","45933.6205092593","57.5","56.7","35.1"
"2025-10-03 14:53:37","45933.6205671296","57.6","56.8","35.3"
"2025-10-03 14:53:42","45933.6206250000","57.8","57.0","35.4"
"2025-10-03 14:53:47","45933.6206828704","57.8","57.0","35.5"
"2025-10-03 14:53:52","45933.6207407407","57.9","57.2","35.4"
"2025-10-03 14:53:57","45933.6207986111","58.0","57.3","35.6"
"2025-10-03 14:54:02","45933.6208564815","58.1","57.4","35.8"
"2025-10-03 14:54:07","45933.6209143518","58.2","57.5","35.8"
"2025-10-03 14:54:12","45933.6209722222","58.3","57.6","35.7"
"2025-10-03 14:54:17","45933.6210300926","58.4","57.7","35.7"
"2025-10-03 14:54:22","45933.6210879630","58.5","57.8","35.7"
"2025-10-03 14:54:27","45933.6211458333","58.5","57.9","35.7"
"2025-10-03 14:54:32","45933.6212037037","58.6","58.0","35.9"
"2025-10-03 14:54:37","45933.6212615741","58.7","58.1","36.0"
"2025-10-03 14:54:42","45933.6213194444","58.8","58.2","35.9"
"2025-10-03 14:54:47","45933.6213773148","58.9","58.3","35.9"
"2025-10-03 14:54:52","45933.6214351852","58.9","58.4","36.0"
"2025-10-03 14:54:57","45933.6214930556","59.0","58.5","35.9"
"2025-10-03 14:55:02","45933.6215509259","59.1","58.6","35.8"
"2025-10-03 14:55:07","45933.6216087963","59.1","58.6","35.7"
"2025-10-03 14:55:12","45933.6216666667","59.2","58.7","35.7"
"2025-10-03 14:55:17","45933.6217245370","59.3","58.8","35.7"
"2025-10-03 14:55:22","45933.6217824074","59.3","58.8","35.8"
"2025-10-03 14:55:27","45933.6218402778","59.4","58.9","36.0"
"2025-10-03 14:55:32","45933.6218981482","59.6","59.1","36.2"
"2025-10-03 14:55:37","45933.6219560185","59.6","59.2","36.1"
"2025-10-03 14:55:42","45933.6220138889","59.6","59.2","36.0"
"2025-10-03 14:55:47","45933.6220717593","59.7","59.3","36.1"
"2025-10-03 14:55:52","45933.6221296296","59.8","59.4","36.1"
"2025-10-03 14:55:57","45933.6221875000","59.8","59.4","36.1"
"2025-10-03 14:56:02","45933.6222453704","59.8","59.5","36.0"
"2025-10-03 14:56:07","45933.6223032407","59.9","59.5","36.0"
"2025-10-03 14:56:12","45933.6223611111","59.9","59.6","36.0"
"2025-10-03 14:56:17","45933.6224189815","60.0","59.6","36.0"
"2025-10-03 14:56:22","45933.6224768519","60.0","59.7","36.1"
"2025-10-03 14:56:27","45933.6225347222","60.2","59.8","36.1"
"2025-10-03 14:56:32","45933.6225925926","60.2","59.9","36.0"
"2025-10-03 14:56:37","45933.6226504630","60.2","59.9","35.8"
"2025-10-03 14:56:42","45933.6227083333","60.2","59.9","35.7"
"2025-10-03 14:56:47","45933.6227662037","60.3","60.0","35.7"
"2025-10-03 14:56:52","45933.6228240741","60.3","60.0","35.6"
"2025-10-03 14:56:57","45933.6228819444","60.4","60.1","35.8"
"2025-10-03 14:57:02","45933.6229398148","60.5","60.2","35.8"
"2025-10-03 14:57:07","45933.6229976852","60.5","60.2","35.8"
"2025-10-03 14:57:12","45933.6230555556","60.5","60.3","35.7"
"2025-10-03 14:57:17","45933.6231134259","60.6","60.3","35.9"
"2025-10-03 14:57:22","45933.6231712963","60.6","60.4","35.9"
"2025-10-03 14:57:27","45933.6232291667","60.7","60.5","35.9"
"2025-10-03 14:57:32","45933.6232870370","60.7","60.5","35.9"
"2025-10-03 14:57:37","45933.6233449074","60.8","60.5","36.0"
"2025-10-03 14:57:42","45933.6234027778","60.8","60.6","36.1"
"2025-10-03 14:57:47","45933.6234606481","60.9","60.6","36.4"
"2025-10-03 14:57:52","45933.6235185185","60.9","60.7","36.5"
"2025-10-03 14:57:57","45933.6235763889","61.0","60.7","36.4"
"2025-10-03 14:58:02","45933.6236342593","61.0","60.7","36.3"
"2025-10-03 14:58:07","45933.6236921296","61.0","60.7","36.2"
"2025-10-03 14:58:12","45933.6237500000","61.0","60.8","36.3"
"2025-10-03 14:58:17","45933.6238078704","61.1","60.9","36.4"
"2025-10-03 14:58:22","45933.6238657407","61.1","60.9","36.3"
"2025-10-03 14:58:27","45933.6239236111","61.2","60.9","36.3"
"2025-10-03 14:58:32","45933.6239814815","61.2","60.9","36.3"
"2025-10-03 14:58:37","45933.6240393519","61.2","61.0","36.3"
"2025-10-03 14:58:42","45933.6240972222","61.3","61.1","36.4"
"2025-10-03 14:58:47","45933.6241550926","61.3","61.1","36.4"
"2025-10-03 14:58:52","45933.6242129630","61.3","61.1","36.6"
"2025-10-03 14:58:57","45933.6242708333","61.4","61.2","36.9"
"2025-10-03 14:59:02","45933.6243287037","61.5","61.3","36.9"
"2025-10-03 14:59:07","45933.6243865741","61.5","61.3","36.9"
"2025-10-03 14:59:12","45933.6244444444","61.5","61.3","36.8"
"2025-10-03 14:59:17","45933.6245023148","61.6","61.3","36.8"
"2025-10-03 14:59:22","45933.6245601852","61.5","61.4","36.8"
"2025-10-03 14:59:27","45933.6246180556","61.6","61.4","36.7"
"2025-10-03 14:59:32","45933.6246759259","61.6","61.4","36.7"
"2025-10-03 14:59:37","45933.6247337963","61.7","61.5","36.7"
"2025-10-03 14:59:42","45933.6247916667","61.7","61.5","36.5"
"2025-10-03 14:59:47","45933.6248495370","61.7","61.5","36.5"
"2025-10-03 14:59:52","45933.6249074074","61.7","61.5","36.4"
"2025-10-03 14:59:57","45933.6249652778","61.7","61.5","36.5"
"2025-10-03 15:00:02","45933.6250231481","61.7","61.6","36.5"
"2025-10-03 15:00:07","45933.6250810185","61.8","61.7","36.5"
"2025-10-03 15:00:12","45933.6251388889","61.8","61.7","36.5"
"2025-10-03 15:00:17","45933.6251967593","61.8","61.7","36.4"
"2025-10-03 15:00:22","45933.6252546296","61.8","61.7","36.5"
"2025-10-03 15:00:27","45933.6253125000","61.9","61.8","36.6"
"2025-10-03 15:00:32","45933.6253703704","62.0","61.8","36.6"
"2025-10-03 15:00:37","45933.6254282407","62.0","61.8","36.7"
"2025-10-03 15:00:42","45933.6254861111","62.0","61.8","36.7"
"2025-10-03 15:00:47","45933.6255439815","62.1","61.9","36.8"
"2025-10-03 15:00:52","45933.6256018519","62.1","61.9","36.7"
"2025-10-03 15:00:57","45933.6256597222","62.1","61.9","36.7"
"2025-10-03 15:01:02","45933.6257175926","62.1","62.0","36.8"
"2025-10-03 15:01:07","45933.6257754630","62.2","62.0","36.8"
"2025-10-03 15:01:12","45933.6258333333","62.2","61.9","36.8"
"2025-10-03 15:01:17","45933.6258912037","62.1","61.9","36.8"
"2025-10-03 15:01:22","45933.6259490741","62.2","62.0","37.0"
"2025-10-03 15:01:27","45933.6260069444","62.3","62.1","37.2"
"2025-10-03 15:01:32","45933.6260648148","62.3","62.1","37.1"
"2025-10-03 15:01:37","45933.6261226852","62.3","62.1","37.0"
"2025-10-03 15:01:42","45933.6261805556","62.2","62.0","37.0"
"2025-10-03 15:01:47","45933.6262384259","62.2","62.0","37.1"
"2025-10-03 15:01:52","45933.6262962963","62.3","62.1","37.1"
"2025-10-03 15:01:57","45933.6263541667","62.3","62.1","37.1"
"2025-10-03 15:02:02","45933.6264120370","62.4","62.1","37.1"
"2025-10-03 15:02:07","45933.6264699074","62.4","62.0","37.1"
"2025-10-03 15:02:12","45933.6265277778","62.4","62.0","37.1"
"2025-10-03 15:02:17","45933.6265856481","62.4","62.0","37.1"
"2025-10-03 15:02:22","45933.6266435185","62.5","62.1","37.2"
"2025-10-03 15:02:27","45933.6267013889","62.5","62.1","37.2"
"2025-10-03 15:02:32","45933.6267592593","62.5","62.1","37.2"
"2025-10-03 15:02:37","45933.6268171296","62.5","62.1","37.0"
"2025-10-03 15:02:42","45933.6268750000","62.7","62.2","37.0"
"2025-10-03 15:02:47","45933.6269328704","62.7","62.2","37.1"
"2025-10-03 15:02:52","45933.6269907407","62.7","62.2","37.1"
"2025-10-03 15:02:57","45933.6270486111","62.7","62.2","37.1"
"2025-10-03 15:03:02","45933.6271064815","62.7","62.2","37.2"
"2025-10-03 15:03:07","45933.6271643518","62.7","62.2","37.3"
"2025-10-03 15:03:12","45933.6272222222","62.7","62.2","37.2"
"2025-10-03 15:03:17","45933.6272800926","62.7","62.2","37.1"
"2025-10-03 15:03:22","45933.6273379630","62.7","62.2","37.1"
"2025-10-03 15:03:27","45933.6273958333","62.8","62.2","37.2"
"2025-10-03 15:03:32","45933.6274537037","62.8","62.2","37.2"
"2025-10-03 15:03:37","45933.6275115741","62.8","62.2","37.2"
"2025-10-03 15:03:42","45933.6275694444","62.8","62.2","37.2"
"2025-10-03 15:03:47","45933.6276273148","62.9","62.2","37.2"
"2025-10-03 15:03:52","45933.6276851852","62.9","62.2","37.2"
"2025-10-03 15:03:57","45933.6277430556","62.9","62.2","37.3"
"2025-10-03 15:04:02","45933.6278009259","62.9","62.2","37.3"
"2025-10-03 15:04:07","45933.6278587963","62.9","62.2","37.2"
"2025-10-03 15:04:12","45933.6279166667","63.0","62.3","37.2"
"2025-10-03 15:04:17","45933.6279745370","63.0","62.3","37.2"
"2025-10-03 15:04:22","45933.6280324074","63.0","62.3","37.2"
"2025-10-03 15:04:27","45933.6280902778","63.0","62.2","37.0"
"2025-10-03 15:04:32","45933.6281481481","63.0","62.3","37.2"
"2025-10-03 15:04:37","45933.6282060185","63.1","62.3","37.1"
"2025-10-03 15:04:42","45933.6282638889","63.0","62.2","37.1"
"2025-10-03 15:04:47","45933.6283217593","63.0","62.2","37.0"
"2025-10-03 15:04:52","45933.6283796296","63.1","62.3","37.0"
"2025-10-03 15:04:57","45933.6284375000","63.1","62.3","37.0"
"2025-10-03 15:05:02","45933.6284953704","63.1","62.2","37.2"
"2025-10-03 15:05:07","45933.6285532407","63.1","62.3","37.2"
"2025-10-03 15:05:12","45933.6286111111","63.2","62.3","37.1"
"2025-10-03 15:05:17","45933.6286689815","63.1","62.3","37.1"
"2025-10-03 15:05:22","45933.6287268518","63.1","62.3","37.1"
"2025-10-03 15:05:27","45933.6287847222","63.2","62.3","37.0"
"2025-10-03 15:05:32","45933.6288425926","63.1","62.2","36.9"
"2025-10-03 15:05:37","45933.6289004630","63.2","62.3","37.0"
"2025-10-03 15:05:42","45933.6289583333","63.2","62.3","36.9"
"2025-10-03 15:05:47","45933.6290162037","63.2","62.3","36.9"
"2025-10-03 15:05:52","45933.6290740741","63.2","62.3","36.9"
"2025-10-03 15:05:57","45933.6291319444","63.3","62.3","37.0"
"2025-10-03 15:06:02","45933.6291898148","63.2","62.3","36.9"
"2025-10-03 15:06:07","45933.6292476852","63.2","62.3","36.9"
"2025-10-03 15:06:12","45933.6293055556","63.3","62.3","36.9"
"2025-10-03 15:06:17","45933.6293634259","63.3","62.3","36.9"
"2025-10-03 15:06:22","45933.6294212963","63.3","62.4","36.9"
"2025-10-03 15:06:27","45933.6294791667","63.3","62.3","36.9"
"2025-10-03 15:06:32","45933.6295370370","63.3","62.3","36.9"
"2025-10-03 15:06:37","45933.6295949074","63.3","62.4","36.8"
"2025-10-03 15:06:42","45933.6296527778","63.4","62.4","36.8"
"2025-10-03 15:06:47","45933.6297106482","63.4","62.4","36.7"
"2025-10-03 15:06:52","45933.6297685185","63.4","62.4","36.6"
"2025-10-03 15:06:57","45933.6298263889","63.4","62.4","36.8"
"2025-10-03 15:07:02","45933.6298842593","63.4","62.4","36.7"
"2025-10-03 15:07:07","45933.6299421296","63.5","62.4","36.7"
"2025-10-03 15:07:12","45933.6300000000","63.4","62.4","36.6"
"2025-10-03 15:07:17","45933.6300578704","63.4","62.4","36.5"
"2025-10-03 15:07:22","45933.6301157407","63.5","62.4","36.4"
"2025-10-03 15:07:27","45933.6301736111","63.4","62.4","36.4"
"2025-10-03 15:07:32","45933.6302314815","63.4","62.4","36.4"
"2025-10-03 15:07:37","45933.6302893519","63.4","62.4","36.4"
"2025-10-03 15:07:42","45933.6303472222","63.5","62.4","36.3"
"2025-10-03 15:07:47","45933.6304050926","63.5","62.4","36.4"
"2025-10-03 15:07:52","45933.6304629630","63.5","62.4","36.3"
"2025-10-03 15:07:57","45933.6305208333","63.5","62.4","36.2"
"2025-10-03 15:08:02","45933.6305787037","63.5","62.5","36.4"
"2025-10-03 15:08:07","45933.6306365741","63.5","62.4","36.2"
"2025-10-03 15:08:12","45933.6306944444","63.5","62.4","36.2"
"2025-10-03 15:08:17","45933.6307523148","63.5","62.4","36.2"
"2025-10-03 15:08:22","45933.6308101852","63.6","62.5","36.3"
"2025-10-03 15:08:27","45933.6308680556","63.5","62.4","36.3"
"2025-10-03 15:08:32","45933.6309259259","63.5","62.4","36.4"
"2025-10-03 15:08:37","45933.6309837963","63.5","62.4","36.4"
"2025-10-03 15:08:42","45933.6310416667","63.5","62.4","36.4"
"2025-10-03 15:08:47","45933.6310995370","63.6","62.5","36.4"
"2025-10-03 15:08:52","45933.6311574074","63.6","62.5","36.4"
"2025-10-03 15:08:57","45933.6312152778","63.6","62.5","36.2"
"2025-10-03 15:09:02","45933.6312731481","63.6","62.5","36.3"
"2025-10-03 15:09:07","45933.6313310185","63.6","62.5","36.4"
"2025-10-03 15:09:12","45933.6313888889","63.6","62.5","36.3"
"2025-10-03 15:09:17","45933.6314467593","63.6","62.5","36.3"
"2025-10-03 15:09:22","45933.6315046296","63.7","62.5","36.3"
"2025-10-03 15:09:27","45933.6315625000","63.7","62.5","36.3"
"2025-10-03 15:09:32","45933.6316203704","63.7","62.5","36.3"
"2025-10-03 15:09:37","45933.6316782407","63.7","62.5","36.2"
"2025-10-03 15:09:42","45933.6317361111","63.7","62.6","36.3"
"2025-10-03 15:09:47","45933.6317939815","63.7","62.6","36.3"
"2025-10-03 15:09:52","45933.6318518519","63.6","62.5","36.1"
"2025-10-03 15:09:57","45933.6319097222","63.7","62.5","36.1"
"2025-10-03 15:10:02","45933.6319675926","63.7","62.5","36.1"
"2025-10-03 15:10:07","45933.6320254630","63.7","62.5","36.0"
"2025-10-03 15:10:12","45933.6320833333","63.7","62.6","36.1"
"2025-10-03 15:10:17","45933.6321412037","63.7","62.6","36.1"
"2025-10-03 15:10:22","45933.6321990741","63.7","62.6","36.1"
"2025-10-03 15:10:27","45933.6322569444","63.7","62.6","36.1"
"2025-10-03 15:10:32","45933.6323148148","63.7","62.6","36.2"
"2025-10-03 15:10:37","45933.6323726852","63.8","62.6","36.2"
"2025-10-03 15:10:42","45933.6324305556","63.8","62.6","36.3"
"2025-10-03 15:10:47","45933.6324884259","63.7","62.6","36.3"
"2025-10-03 15:10:52","45933.6325462963","63.7","62.5","36.3"
"2025-10-03 15:10:57","45933.6326041667","63.6","62.4","36.3"
"2025-10-03 15:11:02","45933.6326620370","63.6","62.5","36.3"
"2025-10-03 15:11:07","45933.6327199074","63.6","62.5","36.3"
"2025-10-03 15:11:12","45933.6327777778","63.7","62.6","36.3"
"2025-10-03 15:11:17","45933.6328356481","63.7","62.6","36.3"
"2025-10-03 15:11:22","45933.6328935185","63.7","62.6","36.2"
"2025-10-03 15:11:27","45933.6329513889","63.7","62.6","36.2"
"2025-10-03 15:11:32","45933.6330092593","63.6","62.6","36.1"
"2025-10-03 15:11:37","45933.6330671296","63.6","62.6","35.9"
"2025-10-03 15:11:42","45933.6331250000","63.6","62.7","35.9"
"2025-10-03 15:11:47","45933.6331828704","63.6","62.6","35.9"
"2025-10-03 15:11:52","45933.6332407407","63.6","62.6","35.8"
"2025-10-03 15:11:57","45933.6332986111","63.6","62.6","35.9"
"2025-10-03 15:12:02","45933.6333564815","63.6","62.7","36.0"
"2025-10-03 15:12:07","45933.6334143519","63.5","62.6","35.9"
"2025-10-03 15:12:12","45933.6334722222","63.6","62.6","35.9"
"2025-10-03 15:12:17","45933.6335300926","63.6","62.6","36.0"
"2025-10-03 15:12:22","45933.6335879630","63.6","62.6","36.0"
"2025-10-03 15:12:27","45933.6336458333","63.6","62.7","36.0"
"2025-10-03 15:12:32","45933.6337037037","63.6","62.7","36.1"
"2025-10-03 15:12:37","45933.6337615741","63.6","62.7","36.0"
"2025-10-03 15:12:42","45933.6338194444","63.6","62.7","35.9"
"2025-10-03 15:12:47","45933.6338773148","63.6","62.7","35.9"
"2025-10-03 15:12:52","45933.6339351852","63.6","62.7","36.0"
"2025-10-03 15:12:57","45933.6339930556","63.6","62.7","36.1"
"2025-10-03 15:13:02","45933.6340509259","63.6","62.7","36.0"
"2025-10-03 15:13:07","45933.6341087963","63.6","62.7","36.1"
"2025-10-03 15:13:12","45933.6341666667","63.5","62.7","36.0"
"2025-10-03 15:13:17","45933.6342245370","63.6","62.7","35.8"
"2025-10-03 15:13:22","45933.6342824074","63.6","62.7","35.8"
"2025-10-03 15:13:27","45933.6343402778","63.6","62.7","35.8"
"2025-10-03 15:13:32","45933.6343981481","63.5","62.7","35.8"
"2025-10-03 15:13:37","45933.6344560185","63.5","62.7","35.9"
"2025-10-03 15:13:42","45933.6345138889","63.6","62.7","36.0"
"2025-10-03 15:13:47","45933.6345717593","63.6","62.8","35.8"
"2025-10-03 15:13:52","45933.6346296296","63.6","62.8","35.8"
"2025-10-03 15:13:57","45933.6346875000","63.5","62.7","35.6"
"2025-10-03 15:14:02","45933.6347453704","63.5","62.7","35.7"
"2025-10-03 15:14:07","45933.6348032407","63.6","62.8","35.5"
"2025-10-03 15:14:12","45933.6348611111","63.6","62.8","35.7"
"2025-10-03 15:14:17","45933.6349189815","63.5","62.7","35.7"
"2025-10-03 15:14:22","45933.6349768518","63.6","62.7","35.7"
"2025-10-03 15:14:27","45933.6350347222","63.6","62.8","35.6"
"2025-10-03 15:14:32","45933.6350925926","63.6","62.8","35.6"
"2025-10-03 15:14:37","45933.6351504630","63.5","62.7","35.5"
"2025-10-03 15:14:42","45933.6352083333","63.5","62.7","35.5"
"2025-10-03 15:14:47","45933.6352662037","63.5","62.7","35.4"
"2025-10-03 15:14:52","45933.6353240741","63.5","62.7","35.4"
"2025-10-03 15:14:57","45933.6353819444","63.6","62.7","35.4"
"2025-10-03 15:15:02","45933.6354398148","63.6","62.7","35.3"
"2025-10-03 15:15:07","45933.6354976852","63.6","62.7","35.4"
"2025-10-03 15:15:12","45933.6355555556","63.6","62.7","35.4"
"2025-10-03 15:15:17","45933.6356134259","63.6","62.8","35.4"
"2025-10-03 15:15:22","45933.6356712963","63.6","62.8","35.4"
"2025-10-03 15:15:27","45933.6357291667","63.6","62.7","35.4"
"2025-10-03 15:15:32","45933.6357870370","63.6","62.8","35.3"
"2025-10-03 15:15:37","45933.6358449074","63.6","62.8","35.2"
"2025-10-03 15:15:42","45933.6359027778","63.6","62.8","35.4"
"2025-10-03 15:15:47","45933.6359606481","63.6","62.8","35.3"
"2025-10-03 15:15:52","45933.6360185185","63.6","62.8","35.3"
"2025-10-03 15:15:57","45933.6360763889","63.6","62.8","35.2"
"2025-10-03 15:16:02","45933.6361342593","63.6","62.8","35.1"
"2025-10-03 15:16:07","45933.6361921296","63.6","62.8","35.1"
"2025-10-03 15:16:12","45933.6362500000","63.6","62.7","35.2"
"2025-10-03 15:16:17","45933.6363078704","63.6","62.7","35.3"
"2025-10-03 15:16:22","45933.6363657407","63.6","62.7","35.3"
"2025-10-03 15:16:27","45933.6364236111","63.7","62.8","35.3"
"2025-10-03 15:16:32","45933.6364814815","63.7","62.9","35.2"
"2025-10-03 15:16:37","45933.6365393518","63.7","62.9","35.3"
"2025-10-03 15:16:42","45933.6365972222","63.6","62.8","35.1"
"2025-10-03 15:16:47","45933.6366550926","63.6","62.8","35.2"
"2025-10-03 15:16:52","45933.6367129630","63.6","62.8","35.3"
"2025-10-03 15:16:57","45933.6367708333","63.6","62.8","35.5"
"2025-10-03 15:17:02","45933.6368287037","63.6","62.8","35.5"
"2025-10-03 15:17:07","45933.6368865741","63.6","62.8","35.5"
"2025-10-03 15:17:12","45933.6369444444","63.6","62.8","35.4"
"2025-10-03 15:17:17","45933.6370023148","63.6","62.8","35.4"
"2025-10-03 15:17:22","45933.6370601852","63.6","62.8","35.4"
"2025-10-03 15:17:27","45933.6371180556","63.6","62.8","35.5"
"2025-10-03 15:17:32","45933.6371759259","63.6","62.8","35.4"
"2025-10-03 15:17:37","45933.6372337963","63.6","62.8","35.4"
"2025-10-03 15:17:42","45933.6372916667","63.6","62.8","35.4"
"2025-10-03 15:17:47","45933.6373495370","63.6","62.8","35.5"
"2025-10-03 15:17:52","45933.6374074074","63.6","62.8","35.4"
"2025-10-03 15:17:57","45933.6374652778","63.6","62.7","35.3"
"2025-10-03 15:18:02","45933.6375231482","63.6","62.7","35.1"
"2025-10-03 15:18:07","45933.6375810185","63.6","62.7","35.2"
"2025-10-03 15:18:12","45933.6376388889","63.6","62.8","35.2"
"2025-10-03 15:18:17","45933.6376967593","63.6","62.8","35.2"
"2025-10-03 15:18:22","45933.6377546296","63.6","62.8","35.2"
"2025-10-03 15:18:27","45933.6378125000","63.6","62.8","35.3"
"2025-10-03 15:18:32","45933.6378703704","63.6","62.8","35.3"
"2025-10-03 15:18:37","45933.6379282407","63.6","62.7","35.4"
"2025-10-03 15:18:42","45933.6379861111","63.5","62.7","35.3"
"2025-10-03 15:18:47","45933.6380439815","63.6","62.7","35.3"
"2025-10-03 15:18:52","45933.6381018519","63.6","62.7","35.4"
"2025-10-03 15:18:57","45933.6381597222","63.5","62.7","35.3"
"2025-10-03 15:19:02","45933.6382175926","63.5","62.7","35.3"
"2025-10-03 15:19:07","45933.6382754630","63.6","62.7","35.2"
"2025-10-03 15:19:12","45933.6383333333","63.6","62.8","35.3"
"2025-10-03 15:19:17","45933.6383912037","63.6","62.8","35.2"
"2025-10-03 15:19:22","45933.6384490741","63.6","62.8","35.2"
"2025-10-03 15:19:27","45933.6385069444","63.6","62.8","35.2"
"2025-10-03 15:19:32","45933.6385648148","63.6","62.8","35.1"
"2025-10-03 15:19:37","45933.6386226852","63.6","62.8","35.1"
"2025-10-03 15:19:42","45933.6386805556","63.6","62.8","35.2"
"2025-10-03 15:19:47","45933.6387384259","63.6","62.8","35.2"
"2025-10-03 15:19:52","45933.6387962963","63.6","62.8","35.2"
"2025-10-03 15:19:57","45933.6388541667","63.6","62.8","35.2"
"2025-10-03 15:20:02","45933.6389120370","63.6","62.8","35.2"
"2025-10-03 15:20:07","45933.6389699074","63.6","62.8","35.2"
"2025-10-03 15:20:12","45933.6390277778","63.6","62.7","35.2"
"2025-10-03 15:20:17","45933.6390856481","63.6","62.7","35.2"
"2025-10-03 15:20:22","45933.6391435185","63.6","62.7","35.3"
"2025-10-03 15:20:27","45933.6392013889","63.5","62.7","35.3"
"2025-10-03 15:20:32","45933.6392592593","63.5","62.7","35.4"
"2025-10-03 15:20:37","45933.6393171296","63.6","62.7","35.5"
"2025-10-03 15:20:42","45933.6393750000","63.5","62.7","35.6"
"2025-10-03 15:20:47","45933.6394328704","63.5","62.7","35.7"
"2025-10-03 15:20:52","45933.6394907407","63.5","62.6","35.7"
"2025-10-03 15:20:57","45933.6395486111","63.5","62.6","35.7"
"2025-10-03 15:21:02","45933.6396064815","63.5","62.7","35.8"
"2025-10-03 15:21:07","45933.6396643519","63.5","62.7","35.8"
"2025-10-03 15:21:12","45933.6397222222","63.5","62.7","35.8"
"2025-10-03 15:21:17","45933.6397800926","63.5","62.6","35.9"
"2025-10-03 15:21:22","45933.6398379630","63.5","62.7","35.9"
"2025-10-03 15:21:27","45933.6398958333","63.5","62.7","35.8"
"2025-10-03 15:21:32","45933.6399537037","63.2","62.4","35.8"
"2025-10-03 15:21:37","45933.6400115741","62.7","61.9","35.8"
"2025-10-03 15:21:42","45933.6400694444","62.2","61.2","35.9"
"2025-10-03 15:21:47","45933.6401273148","61.6","60.7","35.9"
"2025-10-03 15:21:52","45933.6401851852","61.1","60.2","36.0"
"2025-10-03 15:21:57","45933.6402430556","60.7","59.9","36.0"
"2025-10-03 15:22:02","45933.6403009259","60.2","59.6","36.0"
"2025-10-03 15:22:07","45933.6403587963","59.9","59.5","36.1"
"2025-10-03 15:22:12","45933.6404166667","59.7","59.4","36.1"
"2025-10-03 15:22:17","45933.6404745370","59.7","59.4","36.2"
"2025-10-03 15:22:22","45933.6405324074","59.7","59.3","36.2"
"2025-10-03 15:22:27","45933.6405902778","59.7","59.3","36.2"
"2025-10-03 15:22:32","45933.6406481481","59.8","59.4","36.1"
"2025-10-03 15:22:37","45933.6407060185","59.9","59.4","36.1"
"2025-10-03 15:22:42","45933.6407638889","59.9","59.5","36.2"
"2025-10-03 15:22:47","45933.6408217593","60.0","59.7","36.2"
"2025-10-03 15:22:52","45933.6408796296","60.1","59.7","36.3"
"2025-10-03 15:22:57","45933.6409375000","60.0","59.7","36.3"
"2025-10-03 15:23:02","45933.6409953704","60.0","59.7","36.4"
"2025-10-03 15:23:07","45933.6410532407","60.0","59.8","36.2"
"2025-10-03 15:23:12","45933.6411111111","60.1","59.8","36.2"
"2025-10-03 15:23:17","45933.6411689815","60.1","59.9","36.1"
"2025-10-03 15:23:22","45933.6412268519","60.2","59.9","36.2"
"2025-10-03 15:23:27","45933.6412847222","60.2","59.9","36.2"
"2025-10-03 15:23:32","45933.6413425926","60.2","60.0","36.4"
"2025-10-03 15:23:37","45933.6414004630","60.2","60.1","36.4"
"2025-10-03 15:23:42","45933.6414583333","60.3","60.1","36.3"
"2025-10-03 15:23:47","45933.6415162037","60.3","60.1","36.3"
"2025-10-03 15:23:52","45933.6415740741","60.4","60.2","36.3"
"2025-10-03 15:23:57","45933.6416319444","60.4","60.2","36.3"
"2025-10-03 15:24:02","45933.6416898148","60.5","60.3","36.2"
"2025-10-03 15:24:07","45933.6417476852","60.5","60.3","36.1"
"2025-10-03 15:24:12","45933.6418055556","60.5","60.4","36.1"
"2025-10-03 15:24:17","45933.6418634259","60.4","60.3","36.1"
"2025-10-03 15:24:22","45933.6419212963","60.4","60.4","36.1"
"2025-10-03 15:24:27","45933.6419791667","60.5","60.4","36.2"
"2025-10-03 15:24:32","45933.6420370370","60.5","60.4","36.3"
"2025-10-03 15:24:37","45933.6420949074","60.6","60.5","36.4"
"2025-10-03 15:24:42","45933.6421527778","60.6","60.5","36.3"
"2025-10-03 15:24:47","45933.6422106481","60.8","60.6","36.4"
"2025-10-03 15:24:52","45933.6422685185","60.8","60.6","36.4"
"2025-10-03 15:24:57","45933.6423263889","60.9","60.6","36.4"
"2025-10-03 15:25:02","45933.6423842593","60.9","60.7","36.4"
"2025-10-03 15:25:07","45933.6424421296","61.0","60.8","36.5"
"2025-10-03 15:25:12","45933.6425000000","61.0","60.8","36.5"
"2025-10-03 15:25:17","45933.6425578704","61.1","60.8","36.4"
"2025-10-03 15:25:22","45933.6426157407","61.1","60.8","36.3"
"2025-10-03 15:25:27","45933.6426736111","61.1","60.9","36.4"
"2025-10-03 15:25:32","45933.6427314815","61.1","61.0","36.3"
"2025-10-03 15:25:37","45933.6427893518","61.0","61.0","36.3"
"2025-10-03 15:25:42","45933.6428472222","60.9","60.9","36.4"
"2025-10-03 15:25:47","45933.6429050926","60.9","60.9","36.3"
"2025-10-03 15:25:52","45933.6429629630","61.0","60.9","36.4"
"2025-10-03 15:25:57","45933.6430208333","61.1","61.0","36.5"
"2025-10-03 15:26:02","45933.6430787037","61.2","61.1","36.4"
"2025-10-03 15:26:07","45933.6431365741","61.2","61.1","36.4"
"2025-10-03 15:26:12","45933.6431944444","61.2","61.1","36.5"
"2025-10-03 15:26:17","45933.6432523148","61.1","61.1","36.5"
"2025-10-03 15:26:22","45933.6433101852","61.1","61.1","36.5"
"2025-10-03 15:26:27","45933.6433680556","61.1","61.1","36.4"
"2025-10-03 15:26:32","45933.6434259259","61.2","61.2","36.5"
"2025-10-03 15:26:37","45933.6434837963","61.2","61.2","36.5"
"2025-10-03 15:26:42","45933.6435416667","61.2","61.2","36.5"
"2025-10-03 15:26:47","45933.6435995370","61.1","61.2","36.5"
"2025-10-03 15:26:52","45933.6436574074","61.1","61.2","36.7"
"2025-10-03 15:26:57","45933.6437152778","61.1","61.3","36.7"
"2025-10-03 15:27:02","45933.6437731481","61.1","61.3","36.6"
"2025-10-03 15:27:07","45933.6438310185","61.2","61.3","36.5"
"2025-10-03 15:27:12","45933.6438888889","61.2","61.3","36.5"
"2025-10-03 15:27:17","45933.6439467593","61.2","61.3","36.4"
"2025-10-03 15:27:22","45933.6440046296","61.2","61.3","36.5"
"2025-10-03 15:27:27","45933.6440625000","61.2","61.4","36.4"
"2025-10-03 15:27:32","45933.6441203704","61.2","61.4","36.4"
"2025-10-03 15:27:37","45933.6441782407","61.2","61.4","36.3"
"2025-10-03 15:27:42","45933.6442361111","61.3","61.4","36.5"
"2025-10-03 15:27:47","45933.6442939815","61.3","61.4","36.4"
"2025-10-03 15:27:52","45933.6443518518","61.4","61.4","36.5"
"2025-10-03 15:27:57","45933.6444097222","61.4","61.4","36.5"
"2025-10-03 15:28:02","45933.6444675926","61.4","61.5","36.5"
"2025-10-03 15:28:07","45933.6445254630","61.4","61.5","36.4"
"2025-10-03 15:28:12","45933.6445833333","61.4","61.5","36.4"
"2025-10-03 15:28:17","45933.6446412037","61.3","61.5","36.4"
"2025-10-03 15:28:22","45933.6446990741","61.3","61.5","36.4"
"2025-10-03 15:28:27","45933.6447569444","61.3","61.5","36.4"
"2025-10-03 15:28:32","45933.6448148148","61.3","61.5","36.4"
"2025-10-03 15:28:37","45933.6448726852","61.3","61.5","36.4"
"2025-10-03 15:28:42","45933.6449305556","61.4","61.5","36.4"
"2025-10-03 15:28:47","45933.6449884259","61.4","61.5","36.3"
"2025-10-03 15:28:52","45933.6450462963","61.4","61.6","36.3"
"2025-10-03 15:28:57","45933.6451041667","61.5","61.6","36.3"
"2025-10-03 15:29:02","45933.6451620370","61.5","61.6","36.2"
"2025-10-03 15:29:07","45933.6452199074","61.5","61.6","36.2"
"2025-10-03 15:29:12","45933.6452777778","61.5","61.6","36.3"
"2025-10-03 15:29:17","45933.6453356482","61.5","61.6","36.3"
"2025-10-03 15:29:22","45933.6453935185","61.5","61.6","36.4"
"2025-10-03 15:29:27","45933.6454513889","61.6","61.7","36.5"
"2025-10-03 15:29:32","45933.6455092593","61.6","61.6","36.6"
"2025-10-03 15:29:37","45933.6455671296","61.6","61.6","36.6"
"2025-10-03 15:29:42","45933.6456250000","61.6","61.6","36.7"
"2025-10-03 15:29:47","45933.6456828704","61.7","61.6","36.7"
"2025-10-03 15:29:52","45933.6457407407","61.8","61.7","36.8"
"2025-10-03 15:29:57","45933.6457986111","61.8","61.7","36.7"
"2025-10-03 15:30:02","45933.6458564815","61.8","61.7","36.7"
"2025-10-03 15:30:07","45933.6459143519","61.8","61.7","36.9"
"2025-10-03 15:30:12","45933.6459722222","61.9","61.7","36.9"
"2025-10-03 15:30:17","45933.6460300926","61.9","61.7","36.9"
"2025-10-03 15:30:22","45933.6460879630","61.9","61.7","36.9"
"2025-10-03 15:30:27","45933.6461458333","61.9","61.8","36.9"
"2025-10-03 15:30:32","45933.6462037037","61.9","61.8","36.8"
"2025-10-03 15:30:37","45933.6462615741","61.9","61.7","36.8"
"2025-10-03 15:30:42","45933.6463194444","61.7","61.7","36.8"
"2025-10-03 15:30:47","45933.6463773148","61.7","61.7","36.9"
"2025-10-03 15:30:52","45933.6464351852","61.8","61.8","36.9"
"2025-10-03 15:30:57","45933.6464930556","61.8","61.8","37.0"
"2025-10-03 15:31:02","45933.6465509259","61.8","61.7","37.0"
"2025-10-03 15:31:07","45933.6466087963","61.8","61.7","37.1"
"2025-10-03 15:31:12","45933.6466666667","61.8","61.7","37.1"
"2025-10-03 15:31:17","45933.6467245370","61.9","61.7","37.2"
"2025-10-03 15:31:22","45933.6467824074","61.9","61.7","37.1"
"2025-10-03 15:31:27","45933.6468402778","61.9","61.6","37.1"
"2025-10-03 15:31:32","45933.6468981481","62.0","61.7","37.1"
"2025-10-03 15:31:37","45933.6469560185","62.0","61.7","37.2"
"2025-10-03 15:31:42","45933.6470138889","61.9","61.7","37.1"
"2025-10-03 15:31:47","45933.6470717593","61.8","61.7","37.2"
"2025-10-03 15:31:52","45933.6471296296","61.7","61.6","37.1"
"2025-10-03 15:31:57","45933.6471875000","61.7","61.6","37.2"
"2025-10-03 15:32:02","45933.6472453704","61.7","61.6","37.2"
"2025-10-03 15:32:07","45933.6473032407","61.7","61.6","37.2"
"2025-10-03 15:32:12","45933.6473611111","61.8","61.5","37.2"
"2025-10-03 15:32:17","45933.6474189815","61.8","61.5","37.3"
"2025-10-03 15:32:22","45933.6474768519","62.0","61.6","37.5"
"2025-10-03 15:32:27","45933.6475347222","62.0","61.6","37.5"
"2025-10-03 15:32:32","45933.6475925926","62.0","61.5","37.5"
"2025-10-03 15:32:37","45933.6476504630","62.0","61.5","37.5"
"2025-10-03 15:32:42","45933.6477083333","62.1","61.6","37.5"
"2025-10-03 15:32:47","45933.6477662037","62.1","61.5","37.5"
"2025-10-03 15:32:52","45933.6478240741","62.2","61.6","37.7"
"2025-10-03 15:32:57","45933.6478819444","62.1","61.5","37.6"
"2025-10-03 15:33:02","45933.6479398148","62.1","61.5","37.6"
"2025-10-03 15:33:07","45933.6479976852","62.2","61.6","37.6"
"2025-10-03 15:33:12","45933.6480555556","62.2","61.6","37.6"
"2025-10-03 15:33:17","45933.6481134259","62.2","61.6","37.6"
"2025-10-03 15:33:22","45933.6481712963","62.2","61.6","37.6"
"2025-10-03 15:33:27","45933.6482291667","62.1","61.6","37.6"
"2025-10-03 15:33:32","45933.6482870370","62.1","61.6","37.6"
"2025-10-03 15:33:37","45933.6483449074","62.1","61.5","37.6"
"2025-10-03 15:33:42","45933.6484027778","62.1","61.5","37.7"
"2025-10-03 15:33:47","45933.6484606481","62.2","61.6","37.7"
"2025-10-03 15:33:52","45933.6485185185","62.2","61.5","37.7"
"2025-10-03 15:33:57","45933.6485763889","62.2","61.5","37.7"
"2025-10-03 15:34:02","45933.6486342593","62.3","61.5","37.7"
"2025-10-03 15:34:07","45933.6486921296","62.2","61.5","37.6"
"2025-10-03 15:34:12","45933.6487500000","62.2","61.5","37.7"
"2025-10-03 15:34:17","45933.6488078704","62.3","61.6","37.8"
"2025-10-03 15:34:22","45933.6488657407","62.3","61.5","37.8"
"2025-10-03 15:34:27","45933.6489236111","62.3","61.5","37.8"
"2025-10-03 15:34:32","45933.6489814815","62.3","61.5","37.9"
"2025-10-03 15:34:37","45933.6490393519","62.4","61.6","38.0"
"2025-10-03 15:34:42","45933.6490972222","62.3","61.5","37.8"
"2025-10-03 15:34:47","45933.6491550926","62.3","61.5","37.8"
"2025-10-03 15:34:52","45933.6492129630","62.3","61.5","37.8"
"2025-10-03 15:34:57","45933.6492708333","62.4","61.6","37.8"
"2025-10-03 15:35:02","45933.6493287037","62.4","61.6","37.8"
"2025-10-03 15:35:07","45933.6493865741","62.4","61.6","37.9"
"2025-10-03 15:35:12","45933.6494444444","62.4","61.5","37.9"
"2025-10-03 15:35:17","45933.6495023148","62.4","61.5","37.9"
"2025-10-03 15:35:22","45933.6495601852","62.4","61.5","38.0"
"2025-10-03 15:35:27","45933.6496180556","62.4","61.5","37.9"
"2025-10-03 15:35:32","45933.6496759259","62.4","61.5","37.9"
"2025-10-03 15:35:37","45933.6497337963","62.4","61.5","37.9"
"2025-10-03 15:35:42","45933.6497916667","62.4","61.4","38.0"
"2025-10-03 15:35:47","45933.6498495370","62.5","61.5","38.0"
"2025-10-03 15:35:52","45933.6499074074","62.5","61.5","38.0"
"2025-10-03 15:35:57","45933.6499652778","62.5","61.4","38.1"
"2025-10-03 15:36:02","45933.6500231481","62.5","61.4","38.0"
"2025-10-03 15:36:07","45933.6500810185","62.5","61.4","38.0"
"2025-10-03 15:36:12","45933.6501388889","62.5","61.4","38.1"
"2025-10-03 15:36:17","45933.6501967593","62.5","61.4","37.9"
"2025-10-03 15:36:22","45933.6502546296","62.5","61.4","37.9"
"2025-10-03 15:36:27","45933.6503125000","62.6","61.4","37.9"
"2025-10-03 15:36:32","45933.6503703704","62.6","61.4","38.0"
"2025-10-03 15:36:37","45933.6504282407","62.6","61.4","38.0"
"2025-10-03 15:36:42","45933.6504861111","62.7","61.5","38.1"
"2025-10-03 15:36:47","45933.6505439815","62.7","61.4","38.1"
"2025-10-03 15:36:52","45933.6506018518","62.7","61.4","38.1"
"2025-10-03 15:36:57","45933.6506597222","62.7","61.4","38.1"
"2025-10-03 15:37:02","45933.6507175926","62.7","61.4","38.1"
"2025-10-03 15:37:07","45933.6507754630","62.7","61.5","38.3"
"2025-10-03 15:37:12","45933.6508333333","62.8","61.5","38.5"
"2025-10-03 15:37:17","45933.6508912037","62.8","61.4","38.5"
"2025-10-03 15:37:22","45933.6509490741","62.8","61.4","38.5"
"2025-10-03 15:37:27","45933.6510069444","62.7","61.4","38.5"
"2025-10-03 15:37:32","45933.6510648148","62.8","61.5","38.5"
"2025-10-03 15:37:37","45933.6511226852","62.8","61.4","38.5"
"2025-10-03 15:37:42","45933.6511805556","62.8","61.4","38.5"
"2025-10-03 15:37:47","45933.6512384259","62.8","61.4","38.4"
"2025-10-03 15:37:52","45933.6512962963","62.9","61.5","38.3"
"2025-10-03 15:37:57","45933.6513541667","62.9","61.5","38.2"
"2025-10-03 15:38:02","45933.6514120370","62.8","61.4","38.3"
"2025-10-03 15:38:07","45933.6514699074","62.9","61.4","38.3"
"2025-10-03 15:38:12","45933.6515277778","62.8","61.4","38.3"
"2025-10-03 15:38:17","45933.6515856481","62.8","61.4","38.2"
"2025-10-03 15:38:22","45933.6516435185","62.8","61.4","38.2"
"2025-10-03 15:38:27","45933.6517013889","62.8","61.4","38.2"
"2025-10-03 15:38:32","45933.6517592593","62.8","61.3","38.2"
"2025-10-03 15:38:37","45933.6518171296","62.8","61.3","38.2"
"2025-10-03 15:38:42","45933.6518750000","62.9","61.4","38.3"
"2025-10-03 15:38:47","45933.6519328704","62.9","61.4","38.2"
"2025-10-03 15:38:52","45933.6519907407","62.9","61.4","38.2"
"2025-10-03 15:38:57","45933.6520486111","62.9","61.4","38.4"
"2025-10-03 15:39:02","45933.6521064815","62.9","61.3","38.3"
"2025-10-03 15:39:07","45933.6521643518","62.9","61.3","38.4"
"2025-10-03 15:39:12","45933.6522222222","62.9","61.3","38.2"
"2025-10-03 15:39:17","45933.6522800926","62.9","61.3","38.3"
"2025-10-03 15:39:22","45933.6523379630","63.0","61.4","38.2"
"2025-10-03 15:39:27","45933.6523958333","63.0","61.4","38.2"
"2025-10-03 15:39:32","45933.6524537037","63.0","61.4","38.2"
"2025-10-03 15:39:37","45933.6525115741","62.9","61.3","38.1"
"2025-10-03 15:39:42","45933.6525694444","62.9","61.3","38.2"
"2025-10-03 15:39:47","45933.6526273148","62.9","61.3","38.1"
"2025-10-03 15:39:52","45933.6526851852","63.0","61.3","38.1"
"2025-10-03 15:39:57","45933.6527430556","62.9","61.3","38.2"
"2025-10-03 15:40:02","45933.6528009259","62.9","61.3","38.1"
"2025-10-03 15:40:07","45933.6528587963","62.9","61.3","38.0"
"2025-10-03 15:40:12","45933.6529166667","62.9","61.2","37.9"
"2025-10-03 15:40:17","45933.6529745370","62.8","61.1","38.0"
"2025-10-03 15:40:22","45933.6530324074","62.4","60.7","38.0"
"2025-10-03 15:40:27","45933.6530902778","61.9","60.2","37.8"
"2025-10-03 15:40:32","45933.6531481482","61.5","59.9","37.9"
"2025-10-03 15:40:37","45933.6532060185","61.2","59.6","37.9"
"2025-10-03 15:40:42","45933.6532638889","60.9","59.3","37.9"
"2025-10-03 15:40:47","45933.6533217593","60.7","59.0","37.9"
"2025-10-03 15:40:52","45933.6533796296","60.3","58.8","37.9"
"2025-10-03 15:40:57","45933.6534375000","59.9","58.4","37.8"
"2025-10-03 15:41:02","45933.6534953704","59.5","58.0","37.9"
"2025-10-03 15:41:07","45933.6535532407","59.2","57.8","37.8"
"2025-10-03 15:41:12","45933.6536111111","59.1","57.7","37.8"
"2025-10-03 15:41:17","45933.6536689815","59.1","57.7","38.0"
"2025-10-03 15:41:22","45933.6537268519","59.0","57.5","38.0"
"2025-10-03 15:41:27","45933.6537847222","58.8","57.3","38.0"
"2025-10-03 15:41:32","45933.6538425926","58.5","57.1","38.1"
"2025-10-03 15:41:37","45933.6539004630","58.4","57.0","38.1"
"2025-10-03 15:41:42","45933.6539583333","58.3","56.9","38.0"
"2025-10-03 15:41:47","45933.6540162037","58.0","56.7","38.0"
"2025-10-03 15:41:52","45933.6540740741","57.8","56.5","38.0"
"2025-10-03 15:41:57","45933.6541319444","57.7","56.3","38.0"
"2025-10-03 15:42:02","45933.6541898148","57.6","56.3","38.0"
"2025-10-03 15:42:07","45933.6542476852","57.5","56.1","38.0"
"2025-10-03 15:42:12","45933.6543055556","57.4","56.0","38.1"
"2025-10-03 15:42:17","45933.6543634259","57.2","55.9","38.2"
"2025-10-03 15:42:22","45933.6544212963","57.0","55.7","38.2"
"2025-10-03 15:42:27","45933.6544791667","57.0","55.6","38.2"
"2025-10-03 15:42:32","45933.6545370370","56.9","55.5","38.2"
"2025-10-03 15:42:37","45933.6545949074","56.9","55.6","38.2"
"2025-10-03 15:42:42","45933.6546527778","56.9","55.6","38.2"
"2025-10-03 15:42:47","45933.6547106481","56.7","55.4","38.1"
"2025-10-03 15:42:52","45933.6547685185","56.5","55.2","38.1"
"2025-10-03 15:42:57","45933.6548263889","56.3","55.0","38.1"
"2025-10-03 15:43:02","45933.6548842593","56.2","54.8","38.1"
"2025-10-03 15:43:07","45933.6549421296","56.1","54.8","38.1"
"2025-10-03 15:43:12","45933.6550000000","56.1","54.8","38.2"
"2025-10-03 15:43:17","45933.6550578704","56.1","54.8","38.2"
"2025-10-03 15:43:22","45933.6551157407","55.9","54.6","38.1"
"2025-10-03 15:43:27","45933.6551736111","55.6","54.4","38.1"
"2025-10-03 15:43:32","45933.6552314815","55.5","54.2","38.2"
"2025-10-03 15:43:37","45933.6552893519","55.4","54.1","38.2"
"2025-10-03 15:43:42","45933.6553472222","55.2","54.0","38.2"
"2025-10-03 15:43:47","45933.6554050926","55.1","53.8","38.2"
"2025-10-03 15:43:52","45933.6554629630","55.0","53.8","38.3"
"2025-10-03 15:43:57","45933.6555208333","55.0","53.7","38.2"
"2025-10-03 15:44:02","45933.6555787037","54.8","53.5","38.2"
"2025-10-03 15:44:07","45933.6556365741","54.5","53.2","38.2"
"2025-10-03 15:44:12","45933.6556944444","54.3","53.0","38.1"
"2025-10-03 15:44:17","45933.6557523148","53.9","52.7","37.9"
"2025-10-03 15:44:22","45933.6558101852","53.5","52.3","38.0"
"2025-10-03 15:44:27","45933.6558680556","53.2","52.0","37.9"
"2025-10-03 15:44:32","45933.6559259259","53.0","51.8","37.8"
"2025-10-03 15:44:37","45933.6559837963","52.8","51.6","37.7"
"2025-10-03 15:44:42","45933.6560416667","52.6","51.4","37.7"
"2025-10-03 15:44:47","45933.6560995370","52.4","51.2","37.7"
"2025-10-03 15:44:52","45933.6561574074","52.3","51.1","37.8"
"2025-10-03 15:44:57","45933.6562152778","52.3","51.1","37.8"
"2025-10-03 15:45:02","45933.6562731481","52.4","51.2","37.8"
"2025-10-03 15:45:07","45933.6563310185","52.4","51.2","37.8"
"2025-10-03 15:45:12","45933.6563888889","52.3","51.1","37.7"
"2025-10-03 15:45:17","45933.6564467593","52.2","51.0","37.5"
"2025-10-03 15:45:22","45933.6565046296","51.9","50.8","37.4"
"2025-10-03 15:45:27","45933.6565625000","51.5","50.4","37.3"
"2025-10-03 15:45:32","45933.6566203704","51.4","50.3","37.3"
"2025-10-03 15:45:37","45933.6566782407","51.2","50.1","37.2"
"2025-10-03 15:45:42","45933.6567361111","51.0","50.0","37.0"
"2025-10-03 15:45:47","45933.6567939815","50.8","49.7","37.1"
"2025-10-03 15:45:52","45933.6568518519","50.6","49.6","37.0"
"2025-10-03 15:45:57","45933.6569097222","50.5","49.5","36.8"
"2025-10-03 15:46:02","45933.6569675926","50.3","49.3","36.8"
"2025-10-03 15:46:07","45933.6570254630","50.3","49.3","36.8"
"2025-10-03 15:46:12","45933.6570833333","50.2","49.2","36.8"
"2025-10-03 15:46:17","45933.6571412037","50.1","49.2","36.7"
"2025-10-03 15:46:22","45933.6571990741","50.1","49.1","36.6"
"2025-10-03 15:46:27","45933.6572569444","50.0","49.0","36.5"
"2025-10-03 15:46:32","45933.6573148148","49.9","49.0","36.5"
"2025-10-03 15:46:37","45933.6573726852","49.8","48.8","36.4"
"2025-10-03 15:46:42","45933.6574305556","49.7","48.7","36.4"
"2025-10-03 15:46:47","45933.6574884259","49.7","48.7","36.5"
"2025-10-03 15:46:52","45933.6575462963","49.7","48.7","36.5"
"2025-10-03 15:46:57","45933.6576041667","49.6","48.7","36.4"
"2025-10-03 15:47:02","45933.6576620370","49.5","48.6","36.3"
"2025-10-03 15:47:07","45933.6577199074","49.5","48.5","36.2"
"2025-10-03 15:47:12","45933.6577777778","49.3","48.3","36.1"
"2025-10-03 15:47:17","45933.6578356481","49.2","48.3","36.0"
"2025-10-03 15:47:22","45933.6578935185","49.1","48.2","36.0"
"2025-10-03 15:47:27","45933.6579513889","49.0","48.1","36.0"
"2025-10-03 15:47:32","45933.6580092593","49.0","48.1","36.1"
"2025-10-03 15:47:37","45933.6580671296","49.1","48.1","36.0"
"2025-10-03 15:47:42","45933.6581250000","49.0","48.1","35.9"
"2025-10-03 15:47:47","45933.6581828704","49.0","48.0","35.9"
"2025-10-03 15:47:52","45933.6582407407","49.0","48.0","36.0"
"2025-10-03 15:47:57","45933.6582986111","49.1","48.1","36.0"
"2025-10-03 15:48:02","45933.6583564815","49.2","48.2","36.1"
"2025-10-03 15:48:07","45933.6584143518","49.2","48.3","36.1"
"2025-10-03 15:48:12","45933.6584722222","49.2","48.3","36.1"
"2025-10-03 15:48:17","45933.6585300926","49.3","48.4","36.2"
"2025-10-03 15:48:22","45933.6585879630","49.3","48.4","36.2"
"2025-10-03 15:48:27","45933.6586458333","49.4","48.4","36.2"
"2025-10-03 15:48:32","45933.6587037037","49.4","48.4","36.1"
"2025-10-03 15:48:37","45933.6587615741","49.3","48.4","36.1"
"2025-10-03 15:48:42","45933.6588194444","49.3","48.4","36.1"
"2025-10-03 15:48:47","45933.6588773148","49.4","48.5","36.2"
"2025-10-03 15:48:52","45933.6589351852","49.5","48.6","36.4"
"2025-10-03 15:48:57","45933.6589930556","49.5","48.6","36.3"
"2025-10-03 15:49:02","45933.6590509259","49.4","48.5","36.2"
"2025-10-03 15:49:07","45933.6591087963","49.4","48.5","36.1"
"2025-10-03 15:49:12","45933.6591666667","49.3","48.4","36.2"
"2025-10-03 15:49:17","45933.6592245370","49.3","48.4","36.1"
"2025-10-03 15:49:22","45933.6592824074","49.3","48.4","36.2"
"2025-10-03 15:49:27","45933.6593402778","49.3","48.5","36.3"
"2025-10-03 15:49:32","45933.6593981481","49.5","48.7","36.4"
"2025-10-03 15:49:37","45933.6594560185","49.6","48.8","36.5"
"2025-10-03 15:49:42","45933.6595138889","49.5","48.7","36.5"
"2025-10-03 15:49:47","45933.6595717593","49.5","48.7","36.6"
"2025-10-03 15:49:52","45933.6596296296","49.6","48.7","36.6"
"2025-10-03 15:49:57","45933.6596875000","49.7","48.7","36.6"
"2025-10-03 15:50:02","45933.6597453704","49.8","48.9","36.7"
"2025-10-03 15:50:07","45933.6598032407","49.9","49.0","36.7"
"2025-10-03 15:50:12","45933.6598611111","50.0","49.0","36.7"
"2025-10-03 15:50:17","45933.6599189815","50.1","49.2","36.8"
"2025-10-03 15:50:22","45933.6599768518","50.1","49.2","36.8"
"2025-10-03 15:50:27","45933.6600347222","50.1","49.2","36.8"
"2025-10-03 15:50:32","45933.6600925926","50.1","49.2","36.8"
"2025-10-03 15:50:37","45933.6601504630","50.0","49.1","36.7"
"2025-10-03 15:50:42","45933.6602083333","49.8","48.9","36.8"
"2025-10-03 15:50:47","45933.6602662037","49.6","48.8","36.8"
"2025-10-03 15:50:52","45933.6603240741","49.5","48.6","36.7"
"2025-10-03 15:50:57","45933.6603819444","49.4","48.5","36.7"
"2025-10-03 15:51:02","45933.6604398148","49.4","48.5","36.7"
"2025-10-03 15:51:07","45933.6604976852","49.5","48.6","36.7"
"2025-10-03 15:51:12","45933.6605555556","49.6","48.7","36.8"
"2025-10-03 15:51:17","45933.6606134259","49.5","48.6","36.8"
"2025-10-03 15:51:22","45933.6606712963","49.5","48.6","36.8"
"2025-10-03 15:51:27","45933.6607291667","49.5","48.5","36.9"
"2025-10-03 15:51:32","45933.6607870370","49.5","48.6","37.0"
"2025-10-03 15:51:37","45933.6608449074","49.5","48.6","37.1"
"2025-10-03 15:51:42","45933.6609027778","49.5","48.6","37.1"
"2025-10-03 15:51:47","45933.6609606482","49.5","48.6","37.2"
"2025-10-03 15:51:52","45933.6610185185","49.7","48.7","37.3"
"2025-10-03 15:51:57","45933.6610763889","49.8","48.8","37.3"
"2025-10-03 15:52:02","45933.6611342593","49.8","48.9","37.3"
"2025-10-03 15:52:07","45933.6611921296","49.9","48.9","37.4"
"2025-10-03 15:52:12","45933.6612500000","50.1","49.1","37.5"
"2025-10-03 15:52:17","45933.6613078704","50.1","49.1","37.4"
"2025-10-03 15:52:22","45933.6613657407","50.1","49.2","37.4"
"2025-10-03 15:52:27","45933.6614236111","50.3","49.3","37.6"
"2025-10-03 15:52:32","45933.6614814815","50.3","49.3","37.5"
"2025-10-03 15:52:37","45933.6615393519","50.3","49.3","37.5"
"2025-10-03 15:52:42","45933.6615972222","50.4","49.4","37.7"
"2025-10-03 15:52:47","45933.6616550926","50.4","49.5","37.7"
"2025-10-03 15:52:52","45933.6617129630","50.5","49.5","37.7"
"2025-10-03 15:52:57","45933.6617708333","50.3","49.4","37.6"
"2025-10-03 15:53:02","45933.6618287037","50.2","49.2","37.6"
"2025-10-03 15:53:07","45933.6618865741","50.1","49.2","37.7"
"2025-10-03 15:53:12","45933.6619444444","50.0","49.1","37.7"
"2025-10-03 15:53:17","45933.6620023148","49.9","48.9","37.8"
"2025-10-03 15:53:22","45933.6620601852","49.8","48.9","37.7"
"2025-10-03 15:53:27","45933.6621180556","49.7","48.8","37.7"
"2025-10-03 15:53:32","45933.6621759259","49.7","48.7","37.8"
"2025-10-03 15:53:37","45933.6622337963","49.8","48.8","37.9"
"2025-10-03 15:53:42","45933.6622916667","49.8","48.9","38.0"
"2025-10-03 15:53:47","45933.6623495370","49.8","48.9","37.9"
"2025-10-03 15:53:52","45933.6624074074","49.7","48.8","37.9"
"2025-10-03 15:53:57","45933.6624652778","49.6","48.7","37.9"
"2025-10-03 15:54:02","45933.6625231481","49.5","48.6","37.9"
"2025-10-03 15:54:07","45933.6625810185","49.5","48.6","38.0"
"2025-10-03 15:54:12","45933.6626388889","49.5","48.6","38.0"
"2025-10-03 15:54:17","45933.6626967593","49.5","48.7","38.0"
"2025-10-03 15:54:22","45933.6627546296","49.5","48.7","38.0"
"2025-10-03 15:54:27","45933.6628125000","49.6","48.7","38.0"
"2025-10-03 15:54:32","45933.6628703704","49.8","48.9","38.2"
"2025-10-03 15:54:37","45933.6629282407","49.7","48.8","38.1"
"2025-10-03 15:54:42","45933.6629861111","49.5","48.6","38.1"
"2025-10-03 15:54:47","45933.6630439815","49.4","48.5","38.2"
"2025-10-03 15:54:52","45933.6631018519","49.2","48.4","38.2"
"2025-10-03 15:54:57","45933.6631597222","49.2","48.3","38.2"
"2025-10-03 15:55:02","45933.6632175926","49.2","48.3","38.2"
"2025-10-03 15:55:07","45933.6632754630","49.1","48.3","38.2"
"2025-10-03 15:55:12","45933.6633333333","49.1","48.2","38.1"
"2025-10-03 15:55:17","45933.6633912037","49.0","48.1","38.2"
"2025-10-03 15:55:22","45933.6634490741","48.9","48.1","38.3"
"2025-10-03 15:55:27","45933.6635069444","48.9","48.1","38.3"
"2025-10-03 15:55:32","45933.6635648148","49.0","48.2","38.3"
"2025-10-03 15:55:37","45933.6636226852","49.0","48.2","38.4"
"2025-10-03 15:55:42","45933.6636805556","49.0","48.2","38.4"
"2025-10-03 15:55:47","45933.6637384259","49.0","48.3","38.4"
"2025-10-03 15:55:52","45933.6637962963","49.0","48.3","38.4"
"2025-10-03 15:55:57","45933.6638541667","49.0","48.2","38.4"
"2025-10-03 15:56:02","45933.6639120370","48.9","48.1","38.4"
"2025-10-03 15:56:07","45933.6639699074","48.8","48.0","38.4"
"2025-10-03 15:56:12","45933.6640277778","48.6","47.8","38.3"
"2025-10-03 15:56:17","45933.6640856481","48.4","47.6","38.1"
"2025-10-03 15:56:22","45933.6641435185","48.2","47.4","38.2"
"2025-10-03 15:56:27","45933.6642013889","48.0","47.3","38.1"
"2025-10-03 15:56:32","45933.6642592593","48.0","47.3","38.1"
"2025-10-03 15:56:37","45933.6643171296","48.1","47.3","38.2"
"2025-10-03 15:56:42","45933.6643750000","48.2","47.4","38.2"
"2025-10-03 15:56:47","45933.6644328704","48.3","47.5","38.2"
"2025-10-03 15:56:52","45933.6644907407","48.4","47.6","38.3"
"2025-10-03 15:56:57","45933.6645486111","48.4","47.7","38.4"
"2025-10-03 15:57:02","45933.6646064815","48.4","47.7","38.4"
"2025-10-03 15:57:07","45933.6646643519","48.5","47.7","38.3"
"2025-10-03 15:57:12","45933.6647222222","48.5","47.7","38.3"
"2025-10-03 15:57:17","45933.6647800926","48.3","47.5","38.2"
"2025-10-03 15:57:22","45933.6648379630","48.2","47.4","38.2"
"2025-10-03 15:57:27","45933.6648958333","48.2","47.4","38.2"
"2025-10-03 15:57:32","45933.6649537037","48.2","47.4","38.3"
"2025-10-03 15:57:37","45933.6650115741","48.2","47.4","38.3"
"2025-10-03 15:57:42","45933.6650694444","48.3","47.5","38.3"
"2025-10-03 15:57:47","45933.6651273148","48.3","47.6","38.3"
"2025-10-03 15:57:52","45933.6651851852","48.5","47.7","38.4"
"2025-10-03 15:57:57","45933.6652430556","48.4","47.7","38.4"
"2025-10-03 15:58:02","45933.6653009259","48.4","47.7","38.4"
"2025-10-03 15:58:07","45933.6653587963","48.4","47.7","38.3"
"2025-10-03 15:58:12","45933.6654166667","48.3","47.6","38.4"
"2025-10-03 15:58:17","45933.6654745370","48.3","47.5","38.3"
"2025-10-03 15:58:22","45933.6655324074","48.2","47.4","38.2"
"2025-10-03 15:58:27","45933.6655902778","48.1","47.3","38.2"
"2025-10-03 15:58:32","45933.6656481481","48.1","47.3","38.2"
"2025-10-03 15:58:37","45933.6657060185","48.1","47.3","38.2"
"2025-10-03 15:58:42","45933.6657638889","48.1","47.4","38.2"
"2025-10-03 15:58:47","45933.6658217593","48.1","47.4","38.3"
"2025-10-03 15:58:52","45933.6658796296","48.0","47.3","38.2"
"2025-10-03 15:58:57","45933.6659375000","48.0","47.3","38.2"
"2025-10-03 15:59:02","45933.6659953704","48.0","47.3","38.2"
"2025-10-03 15:59:07","45933.6660532407","48.0","47.3","38.2"
"2025-10-03 15:59:12","45933.6661111111","48.0","47.3","38.3"
"2025-10-03 15:59:17","45933.6661689815","48.2","47.5","38.4"
"2025-10-03 15:59:22","45933.6662268518","48.3","47.5","38.4"
"2025-10-03 15:59:27","45933.6662847222","48.3","47.6","38.4"
"2025-10-03 15:59:32","45933.6663425926","48.2","47.6","38.3"
"2025-10-03 15:59:37","45933.6664004630","48.1","47.4","38.2"
"2025-10-03 15:59:42","45933.6664583333","48.0","47.3","38.2"
"2025-10-03 15:59:47","45933.6665162037","48.0","47.3","38.2"
"2025-10-03 15:59:52","45933.6665740741","48.0","47.2","38.2"
"2025-10-03 15:59:57","45933.6666319444","48.0","47.3","38.3"
"2025-10-03 16:00:02","45933.6666898148","48.0","47.3","38.4"
"2025-10-03 16:00:07","45933.6667476852","48.1","47.4","38.4"
"2025-10-03 16:00:12","45933.6668055556","48.1","47.4","38.5"
"2025-10-03 16:00:17","45933.6668634259","48.2","47.5","38.5"
"2025-10-03 16:00:22","45933.6669212963","48.3","47.5","38.4"
"2025-10-03 16:00:27","45933.6669791667","48.4","47.6","38.5"
"2025-10-03 16:00:32","45933.6670370370","48.4","47.7","38.5"
"2025-10-03 16:00:37","45933.6670949074","48.4","47.6","38.5"
"2025-10-03 16:00:42","45933.6671527778","48.4","47.6","38.6"
"2025-10-03 16:00:47","45933.6672106481","48.4","47.7","38.6"
"2025-10-03 16:00:52","45933.6672685185","48.5","47.8","38.7"
"2025-10-03 16:00:57","45933.6673263889","48.5","47.8","38.7"
"2025-10-03 16:01:02","45933.6673842593","48.5","47.8","38.7"
"2025-10-03 16:01:07","45933.6674421296","48.4","47.7","38.7"
"2025-10-03 16:01:12","45933.6675000000","48.4","47.7","38.7"
"2025-10-03 16:01:17","45933.6675578704","48.5","47.8","38.8"
"2025-10-03 16:01:22","45933.6676157407","48.6","47.9","38.8"
"2025-10-03 16:01:27","45933.6676736111","48.6","47.9","38.8"
"2025-10-03 16:01:32","45933.6677314815","48.6","48.0","38.8"
"2025-10-03 16:01:37","45933.6677893518","48.7","48.0","38.8"
"2025-10-03 16:01:42","45933.6678472222","48.6","47.9","38.9"
"2025-10-03 16:01:47","45933.6679050926","48.7","48.0","38.9"
"2025-10-03 16:01:52","45933.6679629630","48.7","48.0","39.0"
"2025-10-03 16:01:57","45933.6680208333","48.7","48.0","38.9"
"2025-10-03 16:02:02","45933.6680787037","48.8","48.1","39.0"
"2025-10-03 16:02:07","45933.6681365741","48.8","48.2","39.0"
"2025-10-03 16:02:12","45933.6681944444","48.9","48.2","39.0"
"2025-10-03 16:02:17","45933.6682523148","49.0","48.2","39.0"
"2025-10-03 16:02:22","45933.6683101852","49.0","48.3","39.1"
"2025-10-03 16:02:27","45933.6683680556","48.9","48.2","39.2"
"2025-10-03 16:02:32","45933.6684259259","48.8","48.2","39.2"
"2025-10-03 16:02:37","45933.6684837963","48.8","48.2","39.2"
"2025-10-03 16:02:42","45933.6685416667","48.8","48.2","39.2"
"2025-10-03 16:02:47","45933.6685995370","48.9","48.3","39.2"
"2025-10-03 16:02:52","45933.6686574074","48.9","48.3","39.2"
"2025-10-03 16:02:57","45933.6687152778","49.1","48.4","39.3"
"2025-10-03 16:03:02","45933.6687731482","49.2","48.5","39.3"
"2025-10-03 16:03:07","45933.6688310185","49.3","48.6","39.4"
"2025-10-03 16:03:12","45933.6688888889","49.3","48.6","39.3"
"2025-10-03 16:03:17","45933.6689467593","49.3","48.7","39.4"
"2025-10-03 16:03:22","45933.6690046296","49.3","48.6","39.4"
"2025-10-03 16:03:27","45933.6690625000","49.3","48.6","39.5"
"2025-10-03 16:03:32","45933.6691203704","49.2","48.6","39.5"
"2025-10-03 16:03:37","45933.6691782407","49.2","48.6","39.5"
"2025-10-03 16:03:42","45933.6692361111","49.3","48.7","39.5"
"2025-10-03 16:03:47","45933.6692939815","49.3","48.7","39.5"
"2025-10-03 16:03:52","45933.6693518519","49.3","48.7","39.6"
"2025-10-03 16:03:57","45933.6694097222","49.4","48.7","39.6"
"2025-10-03 16:04:02","45933.6694675926","49.4","48.8","39.6"
"2025-10-03 16:04:07","45933.6695254630","49.4","48.8","39.6"
"2025-10-03 16:04:12","45933.6695833333","49.5","48.8","39.6"
"2025-10-03 16:04:17","45933.6696412037","49.6","49.0","39.7"
"2025-10-03 16:04:22","45933.6696990741","49.7","49.0","39.8"
"2025-10-03 16:04:27","45933.6697569444","49.7","49.1","39.8"
"2025-10-03 16:04:32","45933.6698148148","49.8","49.1","39.8"
"2025-10-03 16:04:37","45933.6698726852","49.6","49.0","39.8"
"2025-10-03 16:04:42","45933.6699305556","49.6","48.9","39.9"
